status	part_public_id	category	internal_name	product_code	source_url	verified_title	reason	point_count
MISSING_NO_CONFIDENT_MATCH	00000000-0000-4000-8000-000000013034	CASE	Cooler Master NR200P V2				다나와 상세 pcode를 확정하지 못했거나 가격비교 추이 포인트가 없음	0
MISSING_NO_CONFIDENT_MATCH	f77527bb-85ea-4258-b538-07d42cf4c174	COOLER	(국내배송)DEEPCOOL ASSASSIN IV Premium CPU Air Cooler / 딥쿨 어쎄신 4 플레그쉽 하이 퍼포먼스 CPU 공랭 쿨러 / 병행				다나와 상세 pcode를 확정하지 못했거나 가격비교 추이 포인트가 없음	0
MISSING_NO_CONFIDENT_MATCH	0a4cd4ab-1cd1-4641-a738-91fb66f12ca0	COOLER	DEEPCOOL ASSASSIN IV 7 히트 파이프 CPU 쿨러 280W 듀얼 모드 공랭식 라디에이터 LGA1700 115X 20XX 120				다나와 상세 pcode를 확정하지 못했거나 가격비교 추이 포인트가 없음	0
MISSING_NO_CONFIDENT_MATCH	00000000-0000-4000-8000-000000011706	COOLER	HydroShift LCD 360R				다나와 상세 pcode를 확정하지 못했거나 가격비교 추이 포인트가 없음	0
MISSING_NO_CONFIDENT_MATCH	fe0dc08b-e7d8-493a-a5d8-b5a6e6b0f1c1	CPU	AMD Ryzen 9 9900X3D 12코어 프로세서				다나와 상세 pcode를 확정하지 못했거나 가격비교 추이 포인트가 없음	0
MISSING_NO_CONFIDENT_MATCH	27e8a001-ff53-4d41-a354-d6117862e710	CPU	AMD 라이젠 5 9600X + TUF 게이밍 X870-PLUS WiFi				다나와 상세 pcode를 확정하지 못했거나 가격비교 추이 포인트가 없음	0
MISSING_NO_CONFIDENT_MATCH	805d3367-c327-453e-96ad-60f7c957e69d	GPU	ASUS DUAL 지포스 RTX5060 8GB EVO 게이밍 그래픽카드				다나와 상세 pcode를 확정하지 못했거나 가격비교 추이 포인트가 없음	0
MISSING_NO_CONFIDENT_MATCH	3f8afe18-369c-4f2b-b656-fe95e5416975	GPU	ASUS SFF 준비 프라임 지포스 RTX 5060 Ti 16GB GDDR7 OC 에디				다나와 상세 pcode를 확정하지 못했거나 가격비교 추이 포인트가 없음	0
MISSING_NO_CONFIDENT_MATCH	b7ba7bdd-2465-44ec-9f28-7a3835c5f7ac	GPU	PNY GeForce RTX 5090 트리플 팬 GPU				다나와 상세 pcode를 확정하지 못했거나 가격비교 추이 포인트가 없음	0
MISSING_NO_CONFIDENT_MATCH	00000000-0000-4000-8000-000000013003	MOTHERBOARD	ASRock B850M Steel Legend WiFi				다나와 상세 pcode를 확정하지 못했거나 가격비교 추이 포인트가 없음	0
MISSING_NO_CONFIDENT_MATCH	8e376394-0674-4cc7-8190-e0b83a1d07b8	MOTHERBOARD	MSI B850 맥스 게임컴퓨터 조립용 시피유 라이젠메인보드 WIFI				다나와 상세 pcode를 확정하지 못했거나 가격비교 추이 포인트가 없음	0
MISSING_NO_CONFIDENT_MATCH	00000000-0000-4000-8000-000000013006	MOTHERBOARD	MSI MPG Z890I EDGE TI WIFI				다나와 상세 pcode를 확정하지 못했거나 가격비교 추이 포인트가 없음	0
MISSING_NO_CONFIDENT_MATCH	26112d72-dbe9-4b56-8b07-62888d26cb9f	MOTHERBOARD	MSI PRO B860M-A WIFI (인텔 소켓1851 DDR5 메인보드)				다나와 상세 pcode를 확정하지 못했거나 가격비교 추이 포인트가 없음	0
MISSING_NO_CONFIDENT_MATCH	5a0933d2-41b2-4b43-a0e0-d023c058b9a7	MOTHERBOARD	MSI PRO Z890-A WIFI (인텔 소켓1851 DDR5 메인보드)				다나와 상세 pcode를 확정하지 못했거나 가격비교 추이 포인트가 없음	0
MISSING_NO_CONFIDENT_MATCH	a2d6ed2a-fd32-4906-852f-ae33f2ab08b4	MOTHERBOARD	에이수스 ASUS B860M AYW GAMING WIFI 인텍앤컴퍼니 인텔 1851소켓 D5 메인보드				다나와 상세 pcode를 확정하지 못했거나 가격비교 추이 포인트가 없음	0
MISSING_NO_CONFIDENT_MATCH	00000000-0000-4000-8000-000000012001	PSU	AONE 컴퓨터 파워 ATX 300W 600T				다나와 상세 pcode를 확정하지 못했거나 가격비교 추이 포인트가 없음	0
MISSING_NO_CONFIDENT_MATCH	00000000-0000-4000-8000-000000013029	PSU	Corsair RM650e ATX 3.1 650W Gold				다나와 상세 pcode를 확정하지 못했거나 가격비교 추이 포인트가 없음	0
MISSING_NO_CONFIDENT_MATCH	00000000-0000-4000-8000-000000013025	PSU	Corsair SF750 ATX 3.1 SFX Platinum				다나와 상세 pcode를 확정하지 못했거나 가격비교 추이 포인트가 없음	0
MISSING_NO_CONFIDENT_MATCH	ec27476c-cf25-4d89-8140-007991f2cd78	PSU	SuperFlower SF-1200F14XP LEADEX VII PRO PLATINUM BLACK ATX 3.1 (PCIE5)				다나와 상세 pcode를 확정하지 못했거나 가격비교 추이 포인트가 없음	0
MISSING_NO_CONFIDENT_MATCH	00000000-0000-4000-8000-000000012005	PSU	마이크로닉스 Classic II 풀체인지 600W 80PLUS BRONZE ATX 3.1, 화이트				다나와 상세 pcode를 확정하지 못했거나 가격비교 추이 포인트가 없음	0
MISSING_NO_CONFIDENT_MATCH	00000000-0000-4000-8000-000000012013	PSU	마이크로닉스 Classic II 풀체인지 800W 80PLUS BRONZE ATX3.1 PCIE5.1, 블랙				다나와 상세 pcode를 확정하지 못했거나 가격비교 추이 포인트가 없음	0
MISSING_NO_CONFIDENT_MATCH	00000000-0000-4000-8000-000000012009	PSU	잘만 MegaMax II 게임 조립용 ATX 정격 700W 브론즈 ATX3.1				다나와 상세 pcode를 확정하지 못했거나 가격비교 추이 포인트가 없음	0
MISSING_NO_CONFIDENT_MATCH	00000000-0000-4000-8000-000000012004	PSU	잘만테크 잘만 EcoMax 500W 83+, 블랙				다나와 상세 pcode를 확정하지 못했거나 가격비교 추이 포인트가 없음	0
MISSING_NO_CONFIDENT_MATCH	a1dfdaa4-52b2-4822-88d2-790d1fbbc7e7	RAM	CORSAIR Vengeance DDR5 RAM 32GB(2x16GB) 최대 6400MHz CL36-48-48-104 1.35V AMD EXPO 인텔 XMP 3.0 데스크톱 컴퓨터				다나와 상세 pcode를 확정하지 못했거나 가격비교 추이 포인트가 없음	0
MISSING_NO_CONFIDENT_MATCH	749e9389-cd9a-4895-9f06-bfa7bd585b72	RAM	CORSAIR 복수 DDR5 RAM 32GB(2x16GB) 6400MHz CL364848104 1.35V AMD 엑스포 인텔 XMP 3.0 데스크톱 컴퓨터 메모리				다나와 상세 pcode를 확정하지 못했거나 가격비교 추이 포인트가 없음	0
MISSING_NO_CONFIDENT_MATCH	00000000-0000-4000-8000-000000013014	RAM	Corsair Vengeance RGB DDR5-7200 48GB Kit				다나와 상세 pcode를 확정하지 못했거나 가격비교 추이 포인트가 없음	0
MISSING_NO_CONFIDENT_MATCH	00000000-0000-4000-8000-000000013011	RAM	Crucial Pro DDR5-6000 32GB Kit				다나와 상세 pcode를 확정하지 못했거나 가격비교 추이 포인트가 없음	0
MISSING_NO_CONFIDENT_MATCH	00000000-0000-4000-8000-000000013012	RAM	Crucial Pro DDR5-6000 64GB Kit				다나와 상세 pcode를 확정하지 못했거나 가격비교 추이 포인트가 없음	0
MISSING_NO_CONFIDENT_MATCH	cebc22cd-23c8-4ffb-a6a5-18a9e0566c44	RAM	삼성 32GB (2x16GB) DDR5 6400MHz PC5-51200 CSODIMM 클럭드 SODIMM 1Rx8 싱글 랭크 CL52 1.1V 262핀 비 ECC 언버퍼링 노트북				다나와 상세 pcode를 확정하지 못했거나 가격비교 추이 포인트가 없음	0
MISSING_NO_CONFIDENT_MATCH	2c4e3918-807f-4cea-9c28-47f931b597e5	RAM	삼성전자 서버용 메모리 DDR5 32GB 6400 PC5 51200 ECC REG				다나와 상세 pcode를 확정하지 못했거나 가격비교 추이 포인트가 없음	0
MISSING_NO_CONFIDENT_MATCH	fe5171f2-a29c-42bc-9554-20412be3a40e	RAM	팀그룹 T가 오버클러킹 0L CL40 DDR5 64GB 키트(32GB 2개) 6400MHz(PC55200) 인텔 XMP 30 및 AMD 엑스포 호환 데스크톱 메모리 모듈 램 화이트				다나와 상세 pcode를 확정하지 못했거나 가격비교 추이 포인트가 없음	0
MISSING_NO_CONFIDENT_MATCH	ef6697ab-9f40-4e50-84c1-b2ec341fd204	STORAGE	Crucial T705 2TB Heatsink 화이트 SSD 솔리드 스테이트 드라이브[세금포함] [정품] NVMe PCIe Gen5 3460216 389944210167				다나와 상세 pcode를 확정하지 못했거나 가격비교 추이 포인트가 없음	0
MISSING_NO_CONFIDENT_MATCH	bca228ec-7509-4d4d-9bda-6b3cecee02ba	STORAGE	SK하이닉스 Platinum P51 M.2 NVMe 1TB				다나와 상세 pcode를 확정하지 못했거나 가격비교 추이 포인트가 없음	0
MISSING_NO_CONFIDENT_MATCH	d12e7a47-59f8-4004-8ada-cd13bc4cc215	STORAGE	SK하이닉스 플래티넘 P51 M2 2280 NVMe SSD PCIe5.0 2TB				다나와 상세 pcode를 확정하지 못했거나 가격비교 추이 포인트가 없음	0
MISSING_NO_CONFIDENT_MATCH	f87ac784-7065-4cf5-98ed-a1d1f67c030b	STORAGE	삼성전자 내장 SSD 9100 PRO 2TB MZ-VAP2T0BW				다나와 상세 pcode를 확정하지 못했거나 가격비교 추이 포인트가 없음	0
MISSING_NO_CONFIDENT_MATCH	48e832b3-4b71-43f3-af3a-940ca31886b0	STORAGE	삼성전자 내장 SSD 9100 PRO with Heatsink 2TB MZ-VAP2T0CW				다나와 상세 pcode를 확정하지 못했거나 가격비교 추이 포인트가 없음	0
MISSING_NO_CONFIDENT_MATCH	48cd2efc-af67-43d4-aab4-5bcc909fe1f9	STORAGE	샌디스크 WD BLACK SN8100 M.2 NVMe SSD 1TB				다나와 상세 pcode를 확정하지 못했거나 가격비교 추이 포인트가 없음	0
MISSING_NO_CONFIDENT_MATCH	d12edc40-99c3-44db-a77c-6c17d26628e2	STORAGE	킹스톤 FURY RENEGADE G5 M.2 NVMe 8TB				다나와 상세 pcode를 확정하지 못했거나 가격비교 추이 포인트가 없음	0
REJECTED_MANUAL_AUDIT	00000000-0000-4000-8000-000000013036	CASE	ASUS Prime AP201	17353130	https://prod.danawa.com/info/?pcode=17353130	[다나와] ASUS PRIME AP201 (화이트)	title WHITE variant not in internal	7
REJECTED_MANUAL_AUDIT	00000000-0000-4000-8000-000000013037	CASE	Corsair 4000D Airflow	18918650	https://prod.danawa.com/info/?pcode=18918650	[다나와] CORSAIR 4000D RGB AIRFLOW (트루 화이트)	title WHITE variant not in internal	7
REJECTED_MANUAL_AUDIT	00000000-0000-4000-8000-000000013038	CASE	Fractal Design North	18448790	https://prod.danawa.com/info/?pcode=18448790	[다나와] Fractal Design North TG Clear Tint (초크 화이트)	title WHITE variant not in internal	7
REJECTED_MANUAL_AUDIT	d7905fae-fe19-4dce-ad4e-fa246f423342	CASE	NZXT H9 Flow 2025 대형 듀얼 챔버 ATX 미드 타워 공기 흐름 PC 케이스 140mm 3개 및 팬 1개 포함	79558178	https://prod.danawa.com/info/?pcode=79558178	[다나와] NZXT H9 Flow RGB+ V2 (화이트)	title WHITE variant not in internal	7
REJECTED_MANUAL_AUDIT	657e4da4-7c49-478f-91cd-87e1337e08ee	CASE	NZXT H9 Flow 2025 대형 듀얼 챔버 ATX 미드 타워 공기 흐름 PC 케이스 40mm 3개 및 팬 개 포함 라디에이터	79558178	https://prod.danawa.com/info/?pcode=79558178	[다나와] NZXT H9 Flow RGB+ V2 (화이트)	title WHITE variant not in internal	7
REJECTED_MANUAL_AUDIT	e9bf469a-7861-49d0-8a18-130658b00af5	CASE	리안리 LANCOOL 217 INF 미들타워 케이스 (화이트)	90647105	https://prod.danawa.com/info/?pcode=90647105	[다나와] 리안리 LANCOOL 217 (화이트)	internal term missing in title: INF	7
REJECTED_MANUAL_AUDIT	09f39d2a-de00-4cbc-bd1a-241e9790111d	CASE	리안리 LANCOOL 217 INF 화이트	90647105	https://prod.danawa.com/info/?pcode=90647105	[다나와] 리안리 LANCOOL 217 (화이트)	internal term missing in title: INF	7
REJECTED_MANUAL_AUDIT	f59177c1-3b47-4546-b1ef-63b531f8977f	CASE	커세어 FRAME 4000D LCD RS ARGB 화이트	74011205	https://prod.danawa.com/info/?pcode=74011205	[다나와] CORSAIR FRAME 4000D RS ARGB (화이트)	internal term missing in title: LCD	7
REJECTED_MANUAL_AUDIT	92cead2a-f183-4c01-822d-65b8fecf5129	COOLER	ARCTIC Liquid Freezer III PRO 360 A-RGB 피씨디렉트, 화이트	92045246	https://prod.danawa.com/info/?pcode=92045246	[다나와] ARCTIC Liquid Freezer III PRO 360 서린	WHITE variant missing in title	7
REJECTED_MANUAL_AUDIT	00000000-0000-4000-8000-000000011702	COOLER	ASSASSIN IV	99287507	https://prod.danawa.com/info/?pcode=99287507	[다나와] DEEPCOOL ASSASSIN VC ELITE (블랙)	cooler family mismatch: ['ASSASSIN IV'] != ['VC ELITE']	7
REJECTED_MANUAL_AUDIT	00000000-0000-4000-8000-000000013041	COOLER	DeepCool AK400	17707277	https://prod.danawa.com/info/?pcode=17707277	[다나와] DEEPCOOL AK400 (화이트)	title WHITE variant not in internal	7
REJECTED_MANUAL_AUDIT	00000000-0000-4000-8000-000000011705	COOLER	Kraken Elite 360 RGB	77860325	https://prod.danawa.com/info/?pcode=77860325	[다나와] NZXT KRAKEN ELITE V2 360 RGB (화이트)	title WHITE variant not in internal	7
REJECTED_MANUAL_AUDIT	00000000-0000-4000-8000-000000011701	COOLER	Liquid Freezer III 360 A-RGB	92045246	https://prod.danawa.com/info/?pcode=92045246	[다나와] ARCTIC Liquid Freezer III PRO 360 서린	internal term missing in title: A RGB	7
REJECTED_MANUAL_AUDIT	00000000-0000-4000-8000-000000013046	COOLER	NZXT Kraken 240	90956255	https://prod.danawa.com/info/?pcode=90956255	[다나와] NZXT KRAKEN PLUS 240 RGB (화이트)	title WHITE variant not in internal	7
REJECTED_MANUAL_AUDIT	a9fa0495-9d27-4401-8af4-a1cd69cb4fa3	COOLER	Noctua NOCTUA NH-D15 G2 LBC (버전확인필요)	101072159	https://prod.danawa.com/info/?pcode=101072159	[다나와] NOCTUA NH-D15 G2 chromax.black	internal term missing in title: LBC	7
REJECTED_MANUAL_AUDIT	00000000-0000-4000-8000-000000011708	COOLER	Phantom Spirit 120 EVO	102914444	https://prod.danawa.com/info/?pcode=102914444	[다나와] Thermalright Phantom Spirit 120 VISION EVO 서린	cooler family mismatch: ['PHANTOM SPIRIT 120 EVO'] != ['VISION EVO']	7
REJECTED_MANUAL_AUDIT	3d64888e-e267-4808-b92d-c5f6ed27208a	COOLER	커세어 iCUE LINK TITAN 360 RX RGB 화이트	70003538	https://prod.danawa.com/info/?pcode=70003538	[다나와] CORSAIR iCUE LINK TITAN 360 RX LCD (화이트)	cooler family mismatch: ['TITAN 360 RX RGB'] != ['TITAN 360 RX LCD']	7
REJECTED_MANUAL_AUDIT	2827dfbd-93ea-40eb-afb5-2f070bbeb5a1	CPU	AMD 라이젠 7 9700X 트레이	62794082	https://prod.danawa.com/info/?pcode=62794082	[다나와] AMD 라이젠7-6세대 9700X (그래니트 릿지) (멀티팩 정품)	package mismatch	7
REJECTED_MANUAL_AUDIT	4d3f5a5f-4580-4a1c-a514-be7b34ac97c9	CPU	AMD 라이젠9-6세대 9950X3D2 Dual Edition 그래니트 릿지 정품(멀티팩)	77790914	https://prod.danawa.com/info/?pcode=77790914	[다나와] AMD 라이젠9-6세대 9950X3D (그래니트 릿지) (멀티팩 정품)	special edition mismatch	7
REJECTED_MANUAL_AUDIT	49ff1d4f-cc10-4a2e-b91c-52951d6bd7f6	CPU	인텔 코어 울트라5 시리즈2 245K (애로우레이크) (벌크)	69059753	https://prod.danawa.com/info/?pcode=69059753	[다나와] 인텔 코어 울트라5 시리즈2 245K (애로우레이크) (정품)	package mismatch	7
REJECTED_MANUAL_AUDIT	b1d4cd65-a980-4bc5-8956-f41bd6a9d37d	CPU	인텔 코어 울트라7 시리즈2 265K (애로우레이크) (벌크)	69059687	https://prod.danawa.com/info/?pcode=69059687	[다나와] 인텔 코어 울트라7 시리즈2 265K (애로우레이크) (정품)	package mismatch	7
REJECTED_MANUAL_AUDIT	695fb5ec-028b-4850-9ed0-bb25ab7bea44	GPU	ASUS PRIME 지포스 RTX 5080 OC D7 16GB 대원씨티에스	75375185	https://prod.danawa.com/info/?pcode=75375185	[다나와] ASUS ROG Astral 지포스 RTX 5080 OC D7 16GB 대원씨티에스	gpu line mismatch: ['PRIME'] != ['ASTRAL']	7
REJECTED_MANUAL_AUDIT	a91e68f1-d549-48dc-9fa7-51d29a08b3d8	GPU	ASUS ROG Astral 지포스 RTX 5080 WHITE OC D7 16GB 인텍앤컴퍼니	75375185	https://prod.danawa.com/info/?pcode=75375185	[다나와] ASUS ROG Astral 지포스 RTX 5080 OC D7 16GB 대원씨티에스	WHITE variant missing in title	7
REJECTED_MANUAL_AUDIT	539ab592-5e6e-4e55-bd7b-2623024b9657	GPU	ASUS ROG Astral 지포스 RTX 5090 OC D7 32GB 대원씨티에스, 블랙	96653777	https://prod.danawa.com/info/?pcode=96653777	[다나와] ASUS ROG Astral 지포스 RTX 5090 BTF OC D7 32GB 대원씨티에스	title variant not in internal: BTF	6
REJECTED_MANUAL_AUDIT	68e25259-9fa0-4adc-89b6-2c50d1327c03	GPU	ASUS ROG Astral 지포스 RTX 5090 OC D7 32GB 인텍앤컴퍼니, 블랙	96653777	https://prod.danawa.com/info/?pcode=96653777	[다나와] ASUS ROG Astral 지포스 RTX 5090 BTF OC D7 32GB 대원씨티에스	title variant not in internal: BTF	6
REJECTED_MANUAL_AUDIT	a2f9d478-b368-4c16-9048-4a064828c5c1	GPU	ASUS ROG MATRIX 지포스 RTX 5090 OC 32GB PLATINUM	96653777	https://prod.danawa.com/info/?pcode=96653777	[다나와] ASUS ROG Astral 지포스 RTX 5090 BTF OC D7 32GB 대원씨티에스	gpu line mismatch: ['MATRIX'] != ['ASTRAL']	6
REJECTED_MANUAL_AUDIT	50c6478e-7c5f-4cea-aa07-65bb20e82559	GPU	GIGABYTE RTX5070TI AERO OC D7 16GB NVIDIA 지포스그래픽카드 화이트	76551020	https://prod.danawa.com/info/?pcode=76551020	[다나와] GIGABYTE 지포스 RTX 5070 Ti AERO OC D7 16GB 제이씨현	WHITE variant missing in title	7
REJECTED_MANUAL_AUDIT	5cc4ce8b-eb26-490f-b481-d8dcb4e1b3bb	GPU	GIGABYTE 지포스 RTX 5070 EAGLE OC SFF D7 12GB 피씨디렉트	77319515	https://prod.danawa.com/info/?pcode=77319515	[다나와] GIGABYTE 지포스 RTX 5070 GAMING OC D7 12GB 제이씨현	gpu line mismatch: ['EAGLE'] != ['GAMING OC']	7
REJECTED_MANUAL_AUDIT	e8ca30c4-7cea-40d4-a3a4-3b4bc79ab715	GPU	MSI 지포스 RTX 5070 Ti 벤투스 3X OC D7 16GB MSI코리아	90160715	https://prod.danawa.com/info/?pcode=90160715	[다나와] MSI 지포스 RTX 5070 Ti 게이밍 트리오 OC D7 16GB 트라이프로져4	gpu line mismatch: ['VENTUS'] != ['GAMING TRIO']	7
REJECTED_MANUAL_AUDIT	4f615852-d0ec-4d05-9353-bc5d26906e5b	GPU	MSI 지포스 RTX 5080 쉐도우 3X OC D7 16GB MSI코리아	75541700	https://prod.danawa.com/info/?pcode=75541700	[다나와] MSI 지포스 RTX 5080 뱅가드 SOC D7 16GB 하이퍼프로져	internal term missing in title: SHADOW	7
REJECTED_MANUAL_AUDIT	82525758-bf8a-4224-827e-7c4f659765ea	GPU	MSI 지포스 RTX 5090 게이밍 트리오 OC D7 32GB 트라이프로져4	76550939	https://prod.danawa.com/info/?pcode=76550939	[다나와] MSI 지포스 RTX 5090 슈프림 SOC D7 32GB 하이퍼프로져	gpu line mismatch: ['GAMING TRIO'] != ['SUPRIM']	7
REJECTED_MANUAL_AUDIT	15205cdd-15d5-422b-9226-0287798c98be	GPU	기가바이트 어로스 지포스 RTX 5080 MASTER ICE D7 16GB 제이씨현	75184268	https://prod.danawa.com/info/?pcode=75184268	[다나와] GIGABYTE 지포스 RTX 5080 GAMING OC D7 16GB 제이씨현	gpu line mismatch: ['MASTER ICE', 'MASTER'] != ['GAMING OC']	7
REJECTED_MANUAL_AUDIT	cca9526d-1f92-4dda-9bad-fbfbfdf387ea	GPU	기가바이트 지포스 RTX 5060 Ti AERO OC D7 8GB 피씨디렉트	93704759	https://prod.danawa.com/info/?pcode=93704759	[다나와] GIGABYTE 지포스 RTX 5060 Ti WINDFORCE MAX OC D7 8GB 피씨디렉트	gpu line mismatch: ['AERO'] != ['WINDFORCE']	7
REJECTED_MANUAL_AUDIT	39951f24-1313-4cf4-a4e8-ac1c8757a3e4	GPU	기가바이트 지포스 RTX 5070 Ti AERO OC D7 16GB 피씨디렉트	76510754	https://prod.danawa.com/info/?pcode=76510754	[다나와] GIGABYTE 지포스 RTX 5070 Ti WINDFORCE OC SFF D7 16GB 피씨디렉트	gpu line mismatch: ['AERO'] != ['WINDFORCE']	7
REJECTED_MANUAL_AUDIT	dcc58534-930e-4a3a-84b3-a5a723723b4e	GPU	기가바이트 지포스 RTX 5080 AERO OC SFF D7 16GB 제이씨현	75184268	https://prod.danawa.com/info/?pcode=75184268	[다나와] GIGABYTE 지포스 RTX 5080 GAMING OC D7 16GB 제이씨현	gpu line mismatch: ['AERO'] != ['GAMING OC']	7
REJECTED_MANUAL_AUDIT	abfe2826-ddb7-4ec2-8ccc-223d1cf5346f	GPU	기가바이트 지포스 RTX 5090 GAMING OC D7 32GB 제이씨현	75184274	https://prod.danawa.com/info/?pcode=75184274	[다나와] GIGABYTE AORUS 지포스 RTX 5090 MASTER D7 32GB 제이씨현	gpu line mismatch: ['GAMING OC'] != ['MASTER']	7
REJECTED_MANUAL_AUDIT	bd83e094-18e7-491c-bb9a-40fb81d43041	GPU	기가바이트 지포스 RTX 5090 MASTER ICE D7 32GB 피씨디렉트	75184274	https://prod.danawa.com/info/?pcode=75184274	[다나와] GIGABYTE AORUS 지포스 RTX 5090 MASTER D7 32GB 제이씨현	internal term missing in title: MASTER ICE	7
REJECTED_MANUAL_AUDIT	92468296-2632-42ab-8b47-fd1c20cd4690	GPU	조텍 GAMING 지포스 RTX 5070 AMP White D7 12GB 조텍코리아	77319413	https://prod.danawa.com/info/?pcode=77319413	[다나와] ZOTAC GAMING 지포스 RTX 5070 SOLID OC D7 12GB	WHITE variant missing in title	7
REJECTED_MANUAL_AUDIT	1c1fffa6-07db-478e-8dfc-ae8823fd8227	GPU	조텍 GAMING 지포스 RTX 5070 Ti AMP Extreme Infinity D7 16GB 조텍코리아	76464143	https://prod.danawa.com/info/?pcode=76464143	[다나와] ZOTAC GAMING 지포스 RTX 5070 Ti SOLID OC D7 16GB	gpu line mismatch: ['AMP EXTREME'] != ['SOLID OC']	7
REJECTED_MANUAL_AUDIT	f45d9f83-85f4-4cb9-8fe7-8a510adf02f9	GPU	조텍 GAMING 지포스 RTX 5070 Ti SOLID CORE OC White D7 16GB 조텍코리아	76464143	https://prod.danawa.com/info/?pcode=76464143	[다나와] ZOTAC GAMING 지포스 RTX 5070 Ti SOLID OC D7 16GB	WHITE variant missing in title	7
REJECTED_MANUAL_AUDIT	2c105de4-d866-47cf-969e-13a23ed09c41	GPU	조텍 GAMING 지포스 RTX 5080 SOLID CORE OC D7 16GB	74971838	https://prod.danawa.com/info/?pcode=74971838	[다나와] ZOTAC GAMING 지포스 RTX 5080 AMP EXTREME INFINITY D7 16GB	gpu line mismatch: ['SOLID CORE'] != ['AMP EXTREME']	7
REJECTED_MANUAL_AUDIT	9f3d289c-6739-459c-9e79-5a1417165ded	GPU	조텍 GAMING 지포스 RTX 5090 SOLID OC D7 32GB	75857285	https://prod.danawa.com/info/?pcode=75857285	[다나와] ZOTAC GAMING 지포스 RTX 5090 AMP EXTREME INFINITY D7 32GB	gpu line mismatch: ['SOLID OC'] != ['AMP EXTREME']	7
REJECTED_MANUAL_AUDIT	f26c3fb5-9f15-4329-aa1c-a1400f2da651	GPU	조텍 GAMING 지포스 RTX 5090 SOLID OC White D7 32GB	75857285	https://prod.danawa.com/info/?pcode=75857285	[다나와] ZOTAC GAMING 지포스 RTX 5090 AMP EXTREME INFINITY D7 32GB	WHITE variant missing in title	7
REJECTED_MANUAL_AUDIT	00fde3d6-fffd-4834-a80f-a175f21add02	MOTHERBOARD	ASRock B850 Pro-A 디앤디컴 (AMD 소켓 AM5 메인보드) DDR5	79410761	https://prod.danawa.com/info/?pcode=79410761	[다나와] ASRock B850 Pro-A WiFi 디앤디컴	title variant not in internal: WIFI	6
REJECTED_MANUAL_AUDIT	24440f00-c096-414b-a067-1acd6831bb73	MOTHERBOARD	ASRock B860 Rock WiFi 7 에즈윈	122642347	https://prod.danawa.com/info/?pcode=122642347	[다나와] ASRock B860 Rock WiFi7 인텍앤컴퍼니	wifi mismatch: ['WIFI'] != ['WIFI7']	3
REJECTED_MANUAL_AUDIT	4748bf64-72de-40d3-8254-7ac7f91f715d	MOTHERBOARD	ASRock Z890 Pro RS WiFi 디앤디컴	70006577	https://prod.danawa.com/info/?pcode=70006577	[다나와] ASRock Z890 스틸레전드 WIFI 디앤디컴	motherboard line mismatch: ['PRO RS'] != ['STEEL LEGEND']	7
REJECTED_MANUAL_AUDIT	ccebe6cc-f51b-426c-9835-dcd20f6cddec	MOTHERBOARD	ASRock Z890 Pro RS WiFi 디앤디컴 인텔 메인보드	68687816	https://prod.danawa.com/info/?pcode=68687816	[다나와] ASRock Z890 Pro RS WiFi White 에즈윈	title WHITE variant not in internal	7
REJECTED_MANUAL_AUDIT	f7cf000d-462e-4aca-bb7e-2fa7b8dbd47c	MOTHERBOARD	ASRock Z890 Taichi 디앤디컴	70006577	https://prod.danawa.com/info/?pcode=70006577	[다나와] ASRock Z890 스틸레전드 WIFI 디앤디컴	title variant not in internal: WIFI	7
REJECTED_MANUAL_AUDIT	8ec71197-e398-441d-898e-c325910e9899	MOTHERBOARD	ASUS PRIME B860-PLUS-CSM 코잇 (인텔 소켓1851메인보드) DDR5	74255120	https://prod.danawa.com/info/?pcode=74255120	[다나와] ASUS PRIME B860-PLUS WIFI-CSM STCOM	title variant not in internal: WIFI	7
REJECTED_MANUAL_AUDIT	9a7da847-a3b1-4308-ac70-2d64396a8667	MOTHERBOARD	ASUS PRIME X870-P WIFI-CSM 대원씨티에스 (AMD 소켓AM5 DDR5 메인보드)	67851971	https://prod.danawa.com/info/?pcode=67851971	[다나와] ASUS PRIME X870-P-CSM 대원씨티에스	internal term missing in title: WIFI	7
REJECTED_MANUAL_AUDIT	8f3dc567-9be1-40fd-8576-e8b84ceceef4	MOTHERBOARD	ASUS ROG CROSSHAIR X870E HERO 인텍앤컴퍼니	104989463	https://prod.danawa.com/info/?pcode=104989463	[다나와] ASUS ROG CROSSHAIR X870E DARK HERO 대원씨티에스	title variant not in internal: DARK HERO	5
REJECTED_MANUAL_AUDIT	0f356022-df1d-4883-a3ab-5994c07f3f58	MOTHERBOARD	ASUS ROG STRIX X870E-E GAMING WIFI7 NEO 대원씨티에스	122676913	https://prod.danawa.com/info/?pcode=122676913	[다나와] ASUS ROG STRIX X870E-A GAMING WIFI7 NEO STCOM	chipset/form mismatch: ['X870E E'] != ['X870E A']	2
REJECTED_MANUAL_AUDIT	8ed1ff8a-f637-4979-99ac-df1609f374a9	MOTHERBOARD	ASUS TUF B850M-PLUS WIFI7 W 화이트 라이젠 AM5 게이밍 메인보드	95988710	https://prod.danawa.com/info/?pcode=95988710	[다나와] ASUS TUF Gaming B850M-PLUS WIFI7 STCOM	WHITE variant missing in title	7
REJECTED_MANUAL_AUDIT	a190fd1d-65a0-449c-af1f-8cddf15d1f2f	MOTHERBOARD	ASUS Z890 AYW GAMING WIFI W 코잇	69697058	https://prod.danawa.com/info/?pcode=69697058	[다나와] ASUS TUF Gaming Z890-PLUS WIFI 코잇	motherboard line mismatch: ['AYW'] != ['TUF']	7
REJECTED_MANUAL_AUDIT	b113d15f-584d-4ea1-8b2b-64867af44b55	MOTHERBOARD	GIGABYTE B850 AORUS ELITE WIFI7 ICE 제이씨현	73892309	https://prod.danawa.com/info/?pcode=73892309	[다나와] GIGABYTE B850 AORUS ELITE WIFI7 제이씨현	internal term missing in title: ICE	7
REJECTED_MANUAL_AUDIT	00000000-0000-4000-8000-000000013004	MOTHERBOARD	GIGABYTE B850M AORUS ELITE WIFI6E	73892423	https://prod.danawa.com/info/?pcode=73892423	[다나와] GIGABYTE B850M AORUS ELITE WIFI6E ICE 제이씨현	title variant not in internal: ICE	7
REJECTED_MANUAL_AUDIT	00000000-0000-4000-8000-000000013008	MOTHERBOARD	GIGABYTE B860M AORUS ELITE WIFI6E	74255387	https://prod.danawa.com/info/?pcode=74255387	[다나와] GIGABYTE B860M AORUS ELITE WIFI6E ICE 피씨디렉트	title variant not in internal: ICE	7
REJECTED_MANUAL_AUDIT	a67eedd4-3cb1-4803-8e16-e8e00301b37c	MOTHERBOARD	MSI MPG B850 엣지 TI WIFI DDR5 AMD 메인보드	97121510	https://prod.danawa.com/info/?pcode=97121510	[다나와] MSI MPG B850I 엣지 TI WIFI	chipset/form mismatch: ['B850'] != ['B850I']	7
REJECTED_MANUAL_AUDIT	fe45227b-a58c-4b67-8fa5-15ea923e499a	MOTHERBOARD	기가바이트 B850M AORUS ELITE WIFI7 ICE-P 제이씨현	73892423	https://prod.danawa.com/info/?pcode=73892423	[다나와] GIGABYTE B850M AORUS ELITE WIFI6E ICE 제이씨현	wifi mismatch: ['WIFI7'] != ['WIFI6E']	7
REJECTED_MANUAL_AUDIT	3c6c4ac8-cc42-4682-9faf-03a5aee3b649	MOTHERBOARD	기가바이트 X870 AORUS ELITE WIFI7 제이씨현 제이씨현	67845863	https://prod.danawa.com/info/?pcode=67845863	[다나와] GIGABYTE X870 AORUS ELITE WIFI7 ICE 제이씨현	title variant not in internal: ICE	7
REJECTED_MANUAL_AUDIT	d25077b4-0198-45b7-a273-e4604e2bc74d	MOTHERBOARD	기가바이트 X870E AORUS ELITE X3D 피씨디렉트, 화이트	106767464	https://prod.danawa.com/info/?pcode=106767464	[다나와] GIGABYTE X870E AORUS ELITE X3D ICE 제이씨현	WHITE variant missing in title	5
REJECTED_MANUAL_AUDIT	deda83e0-1c62-4b9d-8316-b58c77be9a19	MOTHERBOARD	기가바이트 X870E AORUS PRO ICE 피씨디렉트	106767464	https://prod.danawa.com/info/?pcode=106767464	[다나와] GIGABYTE X870E AORUS ELITE X3D ICE 제이씨현	motherboard line mismatch: ['AORUS PRO'] != ['AORUS ELITE']	5
REJECTED_MANUAL_AUDIT	5e5b91a3-1484-4176-a411-87c7d945dac9	MOTHERBOARD	기가바이트 Z890 AORUS ELITE WIFI7 ICE  제이씨현	69699182	https://prod.danawa.com/info/?pcode=69699182	[다나와] GIGABYTE Z890 AORUS ELITE WIFI7 제이씨현	internal term missing in title: ICE	7
REJECTED_MANUAL_AUDIT	d6144c3f-1ee1-4171-b5e1-a32ff68c8981	PSU	CORSAIR RM1000e ATX3.1 (커세어 정격 1000W 파워서플라이)	90576938	https://prod.danawa.com/info/?pcode=90576938	[다나와] CORSAIR RM1000e ETA플래티넘 ATX3.1 화이트	title WHITE variant not in internal	7
REJECTED_MANUAL_AUDIT	00000000-0000-4000-8000-000000012006	PSU	FSP HYPER K PRO 600W Bronze EU ATX3.1 파워서플라이	108353834	https://prod.danawa.com/info/?pcode=108353834	[다나와] FSP HYPER 600W 80PLUS스탠다드 230V EU ATX3.1	internal term missing in title: HYPER K PRO	5
REJECTED_MANUAL_AUDIT	7ba6eeb2-c39d-4a8c-a49d-7e31012e9555	PSU	FSP MEGA GM 1000W 80PLUS골드 풀모듈러 ATX 3.1, 블랙	98410109	https://prod.danawa.com/info/?pcode=98410109	[다나와] FSP HYDRO G PRO 1000W 80PLUS골드 풀모듈러 ATX3.1	psu family mismatch: ['MEGA GM'] != ['HYDRO G PRO']	7
REJECTED_MANUAL_AUDIT	7f8e5340-1007-4cc5-939b-6caf82296d43	PSU	FSP MEGA GM 850W 80PLUS골드 풀모듈러 ATX 3.1, 블랙	98410055	https://prod.danawa.com/info/?pcode=98410055	[다나와] FSP HYDRO G PRO 850W 80PLUS골드 풀모듈러 ATX3.1	psu family mismatch: ['MEGA GM'] != ['HYDRO G PRO']	7
REJECTED_MANUAL_AUDIT	65d7c261-c346-46cf-9ca0-1f104172f94d	PSU	FSP VIC GM 850W 80PLUS골드 풀모듈러 ATX 3.1, 블랙	98410055	https://prod.danawa.com/info/?pcode=98410055	[다나와] FSP HYDRO G PRO 850W 80PLUS골드 풀모듈러 ATX3.1	psu family mismatch: ['VIC GM'] != ['HYDRO G PRO']	7
REJECTED_MANUAL_AUDIT	f49bddae-e08c-4c61-aa38-d24190708be9	PSU	MSI MAG A1000GL 80PLUS골드 풀모듈러 ATX3.1 1000W, 블랙	13168653	https://prod.danawa.com/info/?pcode=13168653	[다나와] MSI MPG A1000G 80PLUS골드 풀모듈러 ATX3.1	internal term missing in title: A1000GL	7
REJECTED_MANUAL_AUDIT	00000000-0000-4000-8000-000000012007	PSU	MSI MAG A650BN	96059372	https://prod.danawa.com/info/?pcode=96059372	[다나와] MSI MAG A650GLS 80PLUS골드 풀모듈러 ATX3.1	internal term missing in title: A650BN	7
REJECTED_MANUAL_AUDIT	95cc6fb5-9b13-4eec-a34b-31ee2756d67f	PSU	MSI MAG A750GLS PCIE5.1 80PLUS골드 풀모듈러 ATX3.1 1000W, 블랙	13168653	https://prod.danawa.com/info/?pcode=13168653	[다나와] MSI MPG A1000G 80PLUS골드 풀모듈러 ATX3.1	internal term missing in title: A750GLS	7
REJECTED_MANUAL_AUDIT	a88beb05-2a20-44a2-8478-e9829d2a5044	PSU	MSI MAG A750GLS PCIE5.1 80PLUS골드 풀모듈러 ATX3.1 850W, 블랙	18442058	https://prod.danawa.com/info/?pcode=18442058	[다나와] MSI MPG A850G 80PLUS골드 풀모듈러 ATX3.1	internal term missing in title: A750GLS	7
REJECTED_MANUAL_AUDIT	00000000-0000-4000-8000-000000013027	PSU	Micronics Classic II 650W 80PLUS Bronze	10901664	https://prod.danawa.com/info/?pcode=10901664	[다나와] 마이크로닉스 Classic II 650W 80PLUS브론즈 230V EU HDB 핑크	title PINK variant not in internal	7
REJECTED_MANUAL_AUDIT	00000000-0000-4000-8000-000000012008	PSU	마이크로닉스 Classic II 풀체인지 700W 80PLUS BRONZE ATX3.1 PCIE5.1 블랙, 블랙	96986309	https://prod.danawa.com/info/?pcode=96986309	[다나와] 마이크로닉스 Classic II 풀체인지 700W 80PLUS실버 ATX3.1	efficiency mismatch: ['BRONZE'] != ['SILVER']	7
REJECTED_MANUAL_AUDIT	9aa757f9-3fab-49a5-8779-4442b269187d	PSU	슈퍼플라워 SF-850F14GE LEADEX III GOLD UP ATX3.1 850W, 화이트	20057990	https://prod.danawa.com/info/?pcode=20057990	[다나와] SuperFlower SF-850F14XG LEADEX VII GOLD ATX3.1	WHITE variant missing in title	7
REJECTED_MANUAL_AUDIT	00000000-0000-4000-8000-000000012015	PSU	시소닉 NEW FOCUS V4 GX-750 GOLD 풀모듈러 ATX3.1 750W, 블랙	78843821	https://prod.danawa.com/info/?pcode=78843821	[다나와] 시소닉 CORE V2 GX-750 GOLD 풀모듈러 ATX3.1	psu family mismatch: ['FOCUS V4'] != ['CORE V2']	7
REJECTED_MANUAL_AUDIT	702ffd29-18ac-42b9-a25f-0fdf2cb25db6	PSU	시소닉 NEW FOCUS V4 GX-850 GOLD 풀모듈러 ATX3.1	78844112	https://prod.danawa.com/info/?pcode=78844112	[다나와] 시소닉 CORE V2 GX-850 GOLD 풀모듈러 ATX3.1	psu family mismatch: ['FOCUS V4'] != ['CORE V2']	7
REJECTED_MANUAL_AUDIT	8abba453-1eb2-41b5-94af-37101fddbfc2	PSU	시소닉 NEW FOCUS V4 GX-850 GOLD 풀모듈러 ATX3.1 850W, 블랙	78844112	https://prod.danawa.com/info/?pcode=78844112	[다나와] 시소닉 CORE V2 GX-850 GOLD 풀모듈러 ATX3.1	psu family mismatch: ['FOCUS V4'] != ['CORE V2']	7
REJECTED_MANUAL_AUDIT	6b584659-2272-4cbf-a9b9-80727e86faac	PSU	시소닉 VERTEX GX-1200 GOLD 풀모듈러 화이트 ATX3.1	18698087	https://prod.danawa.com/info/?pcode=18698087	[다나와] 시소닉 VERTEX GX-1200 GOLD 풀모듈러 ATX3.1	WHITE variant missing in title	7
REJECTED_MANUAL_AUDIT	00000000-0000-4000-8000-000000012014	PSU	커세어 RM750e ATX 3.1	90576764	https://prod.danawa.com/info/?pcode=90576764	[다나와] CORSAIR RM750e ETA플래티넘 ATX3.1 화이트	title WHITE variant not in internal	7
REJECTED_MANUAL_AUDIT	b0c17171-fdbb-4149-91b5-456ab2f3135f	PSU	커세어 RM850e ATX3.1	62649599	https://prod.danawa.com/info/?pcode=62649599	[다나와] CORSAIR RMx Series RM850x ATX3.1	psu family mismatch: ['RM850E'] != ['RM850X']	7
REJECTED_MANUAL_AUDIT	c826c74d-f6a0-477f-b6c8-75246a39e790	PSU	쿨러마스터 ELITE GOLD 850 ATX 3.1 풀모듈러 850W, 블랙	75719750	https://prod.danawa.com/info/?pcode=75719750	[다나와] 쿨러마스터 MWE GOLD 850 V3 ATX3.1 블랙	psu family mismatch: ['ELITE GOLD'] != ['MWE GOLD']	7
REJECTED_MANUAL_AUDIT	f3121ff9-2301-4296-8e84-d3bd0884cb9c	PSU	쿨러마스터 V SFX Gold 850 ATX3.1	75719750	https://prod.danawa.com/info/?pcode=75719750	[다나와] 쿨러마스터 MWE GOLD 850 V3 ATX3.1 블랙	psu family mismatch: ['V SFX'] != ['MWE GOLD']	7
REJECTED_MANUAL_AUDIT	fb3d2b28-6e39-4904-9042-77517fe03bcb	RAM	마이크론 Crucial DDR5-6000 CL36 PRO Overclocking White 패키지 대원씨티에스 32GB (16Gx2)	39102770	https://prod.danawa.com/info/?pcode=39102770	[다나와] 마이크론 Crucial DDR5-6000 CL36 PRO Overclocking 패키지 대원씨티에스 (32GB(16Gx2))	WHITE variant missing in title	7
REJECTED_MANUAL_AUDIT	2166e693-eb1e-4c9f-9a2b-a56e169bc3d2	RAM	지스킬 DDR5-6000 CL36 AEGIS 5 32GB, 1개	17931893	https://prod.danawa.com/info/?pcode=17931893	[다나와] G.SKILL DDR5-6000 CL36 TRIDENT Z5 NEO RGB J 패키지 (32GB(16Gx2))	ram family mismatch: ['AEGIS'] != ['TRIDENT']	7
REJECTED_MANUAL_AUDIT	00000000-0000-4000-8000-000000013023	STORAGE	Seagate FireCuda 530 4TB M.2 NVMe	61436567	https://prod.danawa.com/info/?pcode=61436567	[다나와] Seagate 파이어쿠다 530R 히트싱크 M.2 NVMe (4TB)	internal term missing in title: FIRECUDA 530	7
REJECTED_MANUAL_AUDIT	c671be43-639c-44cf-80ce-66b4d0fcbdd6	STORAGE	마이크론 Crucial T705 M.2 NVMe (2TB) (중고)	41264228	https://prod.danawa.com/info/?pcode=41264228	[다나와] 마이크론 Crucial T705 M.2 NVMe 대원씨티에스 (2TB)	used/open-box wording	7
VERIFIED_KEEP	9df1082c-a2e5-410a-a678-78e9cfc1ae19	CASE	BE QUIET LIGHT BASE 900 DX 화이트	71277794	https://prod.danawa.com/info/?pcode=71277794	[다나와] be quiet LIGHT BASE 900 DX (화이트)	manual-title-check-20260701-round2	7
VERIFIED_KEEP	00000000-0000-4000-8000-000000013035	CASE	Fractal Design Terra	20344595	https://prod.danawa.com/info/?pcode=20344595	[다나와] Fractal Design Terra (제이드)	manual-title-check-20260701-round2	7
VERIFIED_KEEP	00000000-0000-4000-8000-000000013033	CASE	Lian Li A3-mATX	68329244	https://prod.danawa.com/info/?pcode=68329244	[다나와] 리안리 A3-mATX (우드 블랙)	manual-title-check-20260701-round2	7
VERIFIED_KEEP	51f31f87-a8b9-4695-a078-b285a8252e9c	CASE	PHANTEKS EVOLV X2 블랙	75376628	https://prod.danawa.com/info/?pcode=75376628	[다나와] Phanteks EVOLV X2 (블랙)	manual-title-check-20260701-round2	7
VERIFIED_KEEP	73fc192e-8a1f-4422-b209-eb9648d02f2e	CASE	Phanteks EVOLV X2 (블랙) 미들타워 케이스	75376628	https://prod.danawa.com/info/?pcode=75376628	[다나와] Phanteks EVOLV X2 (블랙)	manual-title-check-20260701-round2	7
VERIFIED_KEEP	5b8a4881-0828-4d7e-93dc-71defababc17	CASE	be quiet LIGHT BASE 900 DX 블랙 (빅타워)	71277764	https://prod.danawa.com/info/?pcode=71277764	[다나와] be quiet LIGHT BASE 900 DX (블랙)	manual-title-check-20260701-round2	7
VERIFIED_KEEP	a71d093f-8a9f-4f00-b18b-a586ff1b50b2	CASE	커세어 FRAME 4000D RS ARGB 화이트	74011205	https://prod.danawa.com/info/?pcode=74011205	[다나와] CORSAIR FRAME 4000D RS ARGB (화이트)	manual-title-check-20260701-round2	7
VERIFIED_KEEP	92edda29-cd3e-4860-83d6-053b6f56610c	CASE	프렉탈디자인 Meshify 3 XL RGB 화이트	91561406	https://prod.danawa.com/info/?pcode=91561406	[다나와] Fractal Design Meshify 3 XL RGB 강화유리 (화이트)	manual-title-check-20260701-round2	7
VERIFIED_KEEP	e3ad1c18-077d-455d-acdb-36ee387c6c41	CASE	프렉탈디자인 Meshify 3 XL 블랙	91561397	https://prod.danawa.com/info/?pcode=91561397	[다나와] Fractal Design Meshify 3 XL RGB 강화유리 (블랙)	manual-title-check-20260701-round2	7
VERIFIED_KEEP	00000000-0000-4000-8000-000000013044	COOLER	ARCTIC Liquid Freezer III 240	94450814	https://prod.danawa.com/info/?pcode=94450814	[다나와] ARCTIC Liquid Freezer III PRO 240 서린 (블랙)	manual-title-check-20260701-round2	7
VERIFIED_KEEP	00000000-0000-4000-8000-000000013045	COOLER	ARCTIC Liquid Freezer III 280	96854585	https://prod.danawa.com/info/?pcode=96854585	[다나와] ARCTIC Liquid Freezer III PRO 280 A-RGB 서린 (블랙)	manual-title-check-20260701-round2	7
VERIFIED_KEEP	6281a784-5368-4544-b242-474aca613b2b	COOLER	ARCTIC Liquid Freezer III PRO 360 서린 블랙	92045246	https://prod.danawa.com/info/?pcode=92045246	[다나와] ARCTIC Liquid Freezer III PRO 360 서린	manual-title-check-20260701-round2	7
VERIFIED_KEEP	7e5e7254-e9be-402d-9a4f-80b486963cd2	COOLER	CORSAIR iCUE LINK TITAN 360 RX LCD (화이트)	70003538	https://prod.danawa.com/info/?pcode=70003538	[다나와] CORSAIR iCUE LINK TITAN 360 RX LCD (화이트)	manual-title-check-20260701-round2	7
VERIFIED_KEEP	00000000-0000-4000-8000-000000011707	COOLER	Dark Rock Pro 5	29847737	https://prod.danawa.com/info/?pcode=29847737	[다나와] be quiet DARK ROCK PRO 5	manual-title-check-20260701-round2	7
VERIFIED_KEEP	00000000-0000-4000-8000-000000013042	COOLER	DeepCool AK620	15279728	https://prod.danawa.com/info/?pcode=15279728	[다나와] DEEPCOOL AK620 (블랙)	manual-title-check-20260701-round2	7
VERIFIED_KEEP	00000000-0000-4000-8000-000000011709	COOLER	MasterLiquid 360 Atmos	95846972	https://prod.danawa.com/info/?pcode=95846972	[다나와] 쿨러마스터 MASTERLIQUID 360 ATMOS II VRM Fan (블랙)	manual-title-check-20260701-round2	7
VERIFIED_KEEP	00000000-0000-4000-8000-000000011703	COOLER	NH-D15 G2	101072159	https://prod.danawa.com/info/?pcode=101072159	[다나와] NOCTUA NH-D15 G2 chromax.black	manual-title-check-20260701-round2	7
VERIFIED_KEEP	b3e8a384-f7d4-4f98-90fc-e602cb5b36e5	COOLER	NZXT KRAKEN ELITE 360 RGB 블랙	77860247	https://prod.danawa.com/info/?pcode=77860247	[다나와] NZXT KRAKEN ELITE V2 360 RGB (블랙)	manual-title-check-20260701-round2	7
VERIFIED_KEEP	8dbee14e-9521-40b4-b0c0-a35550ed8695	COOLER	NZXT KRAKEN ELITE V2 360 블랙	77860247	https://prod.danawa.com/info/?pcode=77860247	[다나와] NZXT KRAKEN ELITE V2 360 RGB (블랙)	manual-title-check-20260701-round2	7
VERIFIED_KEEP	00000000-0000-4000-8000-000000013039	COOLER	Noctua NH-L9a-AM5	19230371	https://prod.danawa.com/info/?pcode=19230371	[다나와] NOCTUA NH-L9a-AM5 chromax.black	manual-title-check-20260701-round2	7
VERIFIED_KEEP	00000000-0000-4000-8000-000000013040	COOLER	Noctua NH-U12A chromax.black	15688298	https://prod.danawa.com/info/?pcode=15688298	[다나와] NOCTUA NH-U12A chromax.black	manual-title-check-20260701-round2	7
VERIFIED_KEEP	00000000-0000-4000-8000-000000011710	COOLER	ROG Ryujin III 360 ARGB	20051603	https://prod.danawa.com/info/?pcode=20051603	[다나와] ASUS ROG RYUJIN III 360 ARGB	manual-title-check-20260701-round2	4
VERIFIED_KEEP	00000000-0000-4000-8000-000000013043	COOLER	Thermalright Peerless Assassin 120 SE	16525058	https://prod.danawa.com/info/?pcode=16525058	[다나와] Thermalright Peerless Assassin 120 SE 서린	manual-title-check-20260701-round2	7
VERIFIED_KEEP	00000000-0000-4000-8000-000000011704	COOLER	iCUE LINK TITAN 360 RX RGB	63064838	https://prod.danawa.com/info/?pcode=63064838	[다나와] CORSAIR iCUE LINK TITAN 360 RX RGB (블랙)	manual-title-check-20260701-round2	7
VERIFIED_KEEP	bc007cef-1c53-4290-8a46-b97116ba1a68	COOLER	녹투아 NH-D15 G2 브라운	101072159	https://prod.danawa.com/info/?pcode=101072159	[다나와] NOCTUA NH-D15 G2 chromax.black	manual-title-check-20260701-round2	7
VERIFIED_KEEP	1bef087d-f9f4-4684-8fb5-7fc60a53198a	CPU	AMD 라이젠5-6세대 9600X 그래니트 릿지 정품(멀티팩)	62794079	https://prod.danawa.com/info/?pcode=62794079	[다나와] AMD 라이젠5-6세대 9600X (그래니트 릿지) (멀티팩 정품)	manual-title-check-20260701-round2	7
VERIFIED_KEEP	b49d66ca-3230-4380-a96f-f56ea6ee01db	CPU	AMD 라이젠7-6세대 9700X 그래니트 릿지 정품(멀티팩)	62794082	https://prod.danawa.com/info/?pcode=62794082	[다나와] AMD 라이젠7-6세대 9700X (그래니트 릿지) (멀티팩 정품)	manual-title-check-20260701-round2	7
VERIFIED_KEEP	c02903b4-1229-44f4-95ec-98a644c50dce	CPU	AMD 라이젠7-6세대 9800X3D (그래니트 릿지) (멀티팩 정품) - 아이티	70531547	https://prod.danawa.com/info/?pcode=70531547	[다나와] AMD 라이젠7-6세대 9800X3D (그래니트 릿지) (멀티팩 정품)	manual-title-check-20260701-round2	7
VERIFIED_KEEP	461c52ef-09bb-4785-8312-a604f85f7fe5	CPU	AMD 라이젠7-6세대 9800X3D 그래니트 릿지 정품(멀티팩)	70531547	https://prod.danawa.com/info/?pcode=70531547	[다나와] AMD 라이젠7-6세대 9800X3D (그래니트 릿지) (멀티팩 정품)	manual-title-check-20260701-round2	7
VERIFIED_KEEP	66a7866a-b4fd-4913-b2d8-5d2222365086	CPU	AMD 라이젠9-6세대 9900X3D 그래니트 릿지 정품(멀티팩,쿨러 미포함)	77790890	https://prod.danawa.com/info/?pcode=77790890	[다나와] AMD 라이젠9-6세대 9900X3D (그래니트 릿지) (멀티팩 정품)	manual-title-check-20260701-round2	7
VERIFIED_KEEP	45e8cee4-e344-4b2a-b01a-0471098d67ab	CPU	AMD 라이젠9-6세대 9950X (그래니트 릿지) (멀티팩(정품) 파인인포	63140417	https://prod.danawa.com/info/?pcode=63140417	[다나와] AMD 라이젠9-6세대 9950X (그래니트 릿지) (멀티팩 정품)	manual-title-check-20260701-round2	7
VERIFIED_KEEP	a75d6544-2296-4c4c-a7cd-64596e66f6d7	CPU	AMD 라이젠9-6세대 9950X3D 그래니트 릿지 정품(멀티팩)	77790914	https://prod.danawa.com/info/?pcode=77790914	[다나와] AMD 라이젠9-6세대 9950X3D (그래니트 릿지) (멀티팩 정품)	manual-title-check-20260701-round2	7
VERIFIED_KEEP	359067b5-7e18-4dca-9277-a052966ba4c7	CPU	인텔 인텔 코어 울트라9 285K 애로우레이크 정품 박스	69059459	https://prod.danawa.com/info/?pcode=69059459	[다나와] 인텔 코어 울트라9 시리즈2 285K (애로우레이크) (정품)	manual-title-check-20260701-round2	7
VERIFIED_KEEP	5bfe728f-7ccb-4678-9307-ac9eedd002df	CPU	인텔 코어 울트라5 시리즈2 245K 애로우레이크 정품	69059753	https://prod.danawa.com/info/?pcode=69059753	[다나와] 인텔 코어 울트라5 시리즈2 245K (애로우레이크) (정품)	manual-title-check-20260701-round2	7
VERIFIED_KEEP	23c1b9c2-ff70-4233-bde7-3a2756ee3d3c	CPU	인텔 코어 울트라7 시리즈2 265K 애로우레이크 정품	69059687	https://prod.danawa.com/info/?pcode=69059687	[다나와] 인텔 코어 울트라7 시리즈2 265K (애로우레이크) (정품)	manual-title-check-20260701-round2	7
VERIFIED_KEEP	81fdbb60-2bf9-4c07-975b-04bed25ba205	CPU	인텔 코어 울트라9 시리즈2 285K 애로우레이크 정품	69059459	https://prod.danawa.com/info/?pcode=69059459	[다나와] 인텔 코어 울트라9 시리즈2 285K (애로우레이크) (정품)	manual-title-check-20260701-round2	7
VERIFIED_KEEP	d5834448-23f7-49d6-8e29-56ab8e939f71	GPU	ASUS DUAL 지포스 RTX 5060 OC D7 8GB 인텍앤컴퍼니, 블랙	93861539	https://prod.danawa.com/info/?pcode=93861539	[다나와] ASUS DUAL 지포스 RTX 5060 D7 8GB 인텍앤컴퍼니	manual-title-check-20260701-round2	7
VERIFIED_KEEP	870bf708-6460-4ed0-9338-de74a69b3e86	GPU	ASUS DUAL 지포스 RTX 5060 TI OC D7 8GB 대원씨티에스	82450160	https://prod.danawa.com/info/?pcode=82450160	[다나와] ASUS DUAL 지포스 RTX 5060 TI OC D7 8GB 인텍앤컴퍼니	manual-title-check-20260701-round2	7
VERIFIED_KEEP	82162bae-b53b-4800-bde5-31f944468780	GPU	ASUS DUAL 지포스 RTX 5060 Ti OC D7 8GB  인텍앤컴퍼니	82450160	https://prod.danawa.com/info/?pcode=82450160	[다나와] ASUS DUAL 지포스 RTX 5060 TI OC D7 8GB 인텍앤컴퍼니	manual-title-check-20260701-round2	7
VERIFIED_KEEP	1eae7ad3-cb3c-41fd-98a7-f83ca94070cf	GPU	ASUS DUAL 지포스 RTX5060Ti 8GB 게이밍 그래픽카드	82450160	https://prod.danawa.com/info/?pcode=82450160	[다나와] ASUS DUAL 지포스 RTX 5060 TI OC D7 8GB 인텍앤컴퍼니	manual-title-check-20260701-round2	7
VERIFIED_KEEP	f10504e8-f901-49fe-8fe4-77360308c6b9	GPU	ASUS PRIME 지포스 RTX 5070 Ti D7 16GB  인텍앤컴퍼니	76511312	https://prod.danawa.com/info/?pcode=76511312	[다나와] ASUS PRIME 지포스 RTX 5070 Ti D7 16GB 대원씨티에스	manual-title-check-20260701-round2	7
VERIFIED_KEEP	e54d9492-17a1-44de-bf17-2136183079af	GPU	ASUS PRIME 지포스 RTX 5070 Ti OC D7 16GB 대원씨티에스	76511312	https://prod.danawa.com/info/?pcode=76511312	[다나와] ASUS PRIME 지포스 RTX 5070 Ti D7 16GB 대원씨티에스	manual-title-check-20260701-round2	7
VERIFIED_KEEP	4c1043ff-6246-486f-864e-e78de6081658	GPU	ASUS PRIME 지포스 RTX5070Ti 16GB 게이밍 그래픽카드	76511312	https://prod.danawa.com/info/?pcode=76511312	[다나와] ASUS PRIME 지포스 RTX 5070 Ti D7 16GB 대원씨티에스	manual-title-check-20260701-round2	7
VERIFIED_KEEP	1fab808e-5dec-462c-91ca-91b4485b169e	GPU	ASUS ROG Astral 지포스 RTX 5080 OC D7 16GB 인텍앤컴퍼니	75375185	https://prod.danawa.com/info/?pcode=75375185	[다나와] ASUS ROG Astral 지포스 RTX 5080 OC D7 16GB 대원씨티에스	manual-title-check-20260701-round2	7
VERIFIED_KEEP	e806eee2-37ad-4e61-b21a-51c4f9945e65	GPU	GIGABYTE 지포스 그래픽카드 RTX5060TI WINDFORCE MAX OC D7 8GB	93704759	https://prod.danawa.com/info/?pcode=93704759	[다나와] GIGABYTE 지포스 RTX 5060 Ti WINDFORCE MAX OC D7 8GB 피씨디렉트	manual-title-check-20260701-round2	7
VERIFIED_KEEP	51ea4d69-6660-4cdc-8e8d-068866842baf	GPU	MSI 지포스 RTX 5060 Ti 벤투스 2X OC 플러스 D7 16GB MSI코리아	81990338	https://prod.danawa.com/info/?pcode=81990338	[다나와] MSI 지포스 RTX 5060 Ti 벤투스 2X OC 플러스 D7 16GB	manual-title-check-20260701-round2	7
VERIFIED_KEEP	628db647-fca0-4dd7-8454-4284548cbcaf	GPU	MSI 지포스 RTX 5060 Ti 벤투스 2X OC 플러스 D7 16GB 그래픽카드	81990338	https://prod.danawa.com/info/?pcode=81990338	[다나와] MSI 지포스 RTX 5060 Ti 벤투스 2X OC 플러스 D7 16GB	manual-title-check-20260701-round2	7
VERIFIED_KEEP	97cba934-4666-43b4-a221-8eb54b4f0b2b	GPU	MSI 지포스 RTX 5060 Ti 벤투스 2X OC 플러스 D7 8GB MSI코리아	86814989	https://prod.danawa.com/info/?pcode=86814989	[다나와] MSI 지포스 RTX 5060 Ti 벤투스 2X OC 플러스 D7 8GB	manual-title-check-20260701-round2	7
VERIFIED_KEEP	2e21f9a8-45ad-4a70-b9e6-8ecbbe3dd3ef	GPU	MSI 지포스 RTX 5060 벤투스 2X OC D7 8GB MSI코리아	90956033	https://prod.danawa.com/info/?pcode=90956033	[다나와] MSI 지포스 RTX 5060 벤투스 2X OC D7 8GB	manual-title-check-20260701-round2	7
VERIFIED_KEEP	8482e6fd-a1a2-4eee-856d-a9ac1e796789	GPU	MSI 지포스 RTX 5060 쉐도우 2X OC D7 8GB MSI코리아	90955973	https://prod.danawa.com/info/?pcode=90955973	[다나와] MSI 지포스 RTX 5060 쉐도우 2X OC D7 8GB	manual-title-check-20260701-round2	7
VERIFIED_KEEP	17725485-dc95-44a8-b810-ecb2378f74a0	GPU	MSI 지포스 RTX 5070 Ti 게이밍 트리오 OC D7 16GB 트라이프로져4	90160715	https://prod.danawa.com/info/?pcode=90160715	[다나와] MSI 지포스 RTX 5070 Ti 게이밍 트리오 OC D7 16GB 트라이프로져4	manual-title-check-20260701-round2	7
VERIFIED_KEEP	4f5b001d-3f1b-4e57-9c42-573d308d1193	GPU	MSI 지포스 RTX 5070 Ti 게이밍 트리오 OC D7 16GB 트라이프로져4 MSI코리아, 블랙	90160715	https://prod.danawa.com/info/?pcode=90160715	[다나와] MSI 지포스 RTX 5070 Ti 게이밍 트리오 OC D7 16GB 트라이프로져4	manual-title-check-20260701-round2	7
VERIFIED_KEEP	a76ff652-7c33-4640-b7ee-beb3c82c6109	GPU	MSI 지포스 RTX 5070 게이밍 트리오 OC D7 12GB 트라이프로져4 MSI코리아, 블랙	77379380	https://prod.danawa.com/info/?pcode=77379380	[다나와] MSI 지포스 RTX 5070 게이밍 트리오 OC D7 12GB 트라이프로져4	manual-title-check-20260701-round2	7
VERIFIED_KEEP	5041714f-88d9-48ae-988c-402263cb5545	GPU	MSI 지포스 RTX 5080 뱅가드 SOC D7 16GB 하이퍼프로져	75541700	https://prod.danawa.com/info/?pcode=75541700	[다나와] MSI 지포스 RTX 5080 뱅가드 SOC D7 16GB 하이퍼프로져	manual-title-check-20260701-round2	7
VERIFIED_KEEP	5d27c35a-0d1c-4e1b-a02b-678c37a32d39	GPU	MSI 지포스 RTX 5080 뱅가드 SOC D7 16GB 하이퍼프로져 MSI코리아	75541700	https://prod.danawa.com/info/?pcode=75541700	[다나와] MSI 지포스 RTX 5080 뱅가드 SOC D7 16GB 하이퍼프로져	manual-title-check-20260701-round2	7
VERIFIED_KEEP	f8c87faa-26cd-483e-bbdd-a81f3418c888	GPU	MSI 지포스 RTX 5090 슈프림 SOC D7 32GB 하이퍼프로져 MSI코리아	76550939	https://prod.danawa.com/info/?pcode=76550939	[다나와] MSI 지포스 RTX 5090 슈프림 SOC D7 32GB 하이퍼프로져	manual-title-check-20260701-round2	7
VERIFIED_KEEP	c282fd20-31f9-43a5-b190-a796909d960f	GPU	[MSI] 지포스 RTX 5090 슈프림 SOC D7 32GB 하이퍼프로져	76550939	https://prod.danawa.com/info/?pcode=76550939	[다나와] MSI 지포스 RTX 5090 슈프림 SOC D7 32GB 하이퍼프로져	manual-title-check-20260701-round2	7
VERIFIED_KEEP	c10b1401-557a-410b-b15d-a0ef4c2aa415	GPU	기가바이트 지포스 RTX 5060 Ti WINDFORCE MAX OC D7 8GB 피씨디렉트	93704759	https://prod.danawa.com/info/?pcode=93704759	[다나와] GIGABYTE 지포스 RTX 5060 Ti WINDFORCE MAX OC D7 8GB 피씨디렉트	manual-title-check-20260701-round2	7
VERIFIED_KEEP	f66d47e2-08fa-4363-86e8-5008ca2bd813	GPU	기가바이트 지포스 RTX 5060 WINDFORCE MAX OC D7 8GB 제이씨현	94028963	https://prod.danawa.com/info/?pcode=94028963	[다나와] GIGABYTE 지포스 RTX 5060 WINDFORCE MAX OC D7 8GB 제이씨현	manual-title-check-20260701-round2	7
VERIFIED_KEEP	460f7d37-bd23-4bcf-9786-d9c68126a77c	GPU	기가바이트 지포스 RTX 5070 Ti WINDFORCE OC SFF D7 16GB 제이씨현	76510754	https://prod.danawa.com/info/?pcode=76510754	[다나와] GIGABYTE 지포스 RTX 5070 Ti WINDFORCE OC SFF D7 16GB 피씨디렉트	manual-title-check-20260701-round2	7
VERIFIED_KEEP	c5bb0010-6175-49d3-8be1-a962629e0081	GPU	기가바이트 지포스 RTX 5080 GAMING OC D7 16GB 제이씨현	75184268	https://prod.danawa.com/info/?pcode=75184268	[다나와] GIGABYTE 지포스 RTX 5080 GAMING OC D7 16GB 제이씨현	manual-title-check-20260701-round2	7
VERIFIED_KEEP	27adbaac-3b5a-47ef-ae9d-1f53e2d7a9c5	GPU	기가바이트 지포스 RTX 5090 MASTER D7 32GB 제이씨현	75184274	https://prod.danawa.com/info/?pcode=75184274	[다나와] GIGABYTE AORUS 지포스 RTX 5090 MASTER D7 32GB 제이씨현	manual-title-check-20260701-round2	7
VERIFIED_KEEP	88622262-a225-456b-b8f1-ae9914d20f70	GPU	조텍 GAMING 지포스 RTX 5060 Twin Edge OC D7 8GB	91910279	https://prod.danawa.com/info/?pcode=91910279	[다나와] ZOTAC GAMING 지포스 RTX 5060 Twin Edge OC D7 8GB	manual-title-check-20260701-round2	7
VERIFIED_KEEP	68481a42-7f6a-4bb4-8a33-92033dfcc13b	GPU	조텍 GAMING 지포스 RTX 5070 SOLID OC D7 12GB	77319413	https://prod.danawa.com/info/?pcode=77319413	[다나와] ZOTAC GAMING 지포스 RTX 5070 SOLID OC D7 12GB	manual-title-check-20260701-round2	7
VERIFIED_KEEP	e22b70c2-2c12-4dac-91de-c05f3b0e40c8	GPU	조텍 GAMING 지포스 RTX 5070 Ti SOLID OC D7 16GB	76464143	https://prod.danawa.com/info/?pcode=76464143	[다나와] ZOTAC GAMING 지포스 RTX 5070 Ti SOLID OC D7 16GB	manual-title-check-20260701-round2	7
VERIFIED_KEEP	b3c9a4e2-4ef0-40a7-b081-6af3171b61a6	GPU	조텍 GAMING 지포스 RTX 5080 AMP EXTREME INFINITY D7 16GB	74971838	https://prod.danawa.com/info/?pcode=74971838	[다나와] ZOTAC GAMING 지포스 RTX 5080 AMP EXTREME INFINITY D7 16GB	manual-title-check-20260701-round2	7
VERIFIED_KEEP	a7d054a6-e729-4e7d-bfa5-0ae580e65c58	GPU	조텍 GAMING 지포스 RTX 5080 SOLID OC D7 16GB 조텍코리아, 블랙	74970929	https://prod.danawa.com/info/?pcode=74970929	[다나와] ZOTAC GAMING 지포스 RTX 5080 SOLID OC D7 16GB	manual-title-check-20260701-round2	7
VERIFIED_KEEP	b0f10f8a-8e25-482f-a1d8-1f4e0535733b	GPU	조텍 GAMING 지포스 RTX 5090 AMP EXTREME INFINITY D7 32GB	75857285	https://prod.danawa.com/info/?pcode=75857285	[다나와] ZOTAC GAMING 지포스 RTX 5090 AMP EXTREME INFINITY D7 32GB	manual-title-check-20260701-round2	7
VERIFIED_KEEP	eda3d521-af8a-4250-b15a-38508adba422	GPU	조텍 ZOTAC GAMING 지포스 RTX 5060 Ti Twin Edge OC D7 8GB 조텍코리아	85410707	https://prod.danawa.com/info/?pcode=85410707	[다나와] ZOTAC GAMING 지포스 RTX 5060 Ti Twin Edge OC D7 8GB	manual-title-check-20260701-round2	7
VERIFIED_KEEP	1c607bef-cf1f-4716-ba75-80e12a795d57	MOTHERBOARD	ASRock B850 Pro-A WiFi 디앤디컴 (AMD 소켓 AM5 메인보드) DDR5	79410761	https://prod.danawa.com/info/?pcode=79410761	[다나와] ASRock B850 Pro-A WiFi 디앤디컴	manual-title-check-20260701-round2	7
VERIFIED_KEEP	5489b08c-ae1d-4092-8638-8b6ee139aa53	MOTHERBOARD	ASRock B850 Pro-A 대원씨티에스 (AMD 소켓 AM5 메인보드) DDR5	74250455	https://prod.danawa.com/info/?pcode=74250455	[다나와] ASRock B850 Pro-A 대원씨티에스	manual-title-check-20260701-round2	7
VERIFIED_KEEP	00000000-0000-4000-8000-000000013007	MOTHERBOARD	ASRock B860M Pro RS WiFi	74415038	https://prod.danawa.com/info/?pcode=74415038	[다나와] ASRock B860M Pro RS WiFi 에즈윈	manual-title-check-20260701-round2	7
VERIFIED_KEEP	f786cb93-b28b-4a1f-ba83-f91dd210bb54	MOTHERBOARD	ASRock B860M Rock WiFi 디앤디컴	106728191	https://prod.danawa.com/info/?pcode=106728191	[다나와] ASRock B860M Rock WiFi 에즈윈	manual-title-check-20260701-round2	5
VERIFIED_KEEP	74b36be0-1910-4525-90b1-8943d17a6284	MOTHERBOARD	ASRock B860M Rock WiFi 디앤디컴 인텔 메인보드	106728191	https://prod.danawa.com/info/?pcode=106728191	[다나와] ASRock B860M Rock WiFi 에즈윈	manual-title-check-20260701-round2	5
VERIFIED_KEEP	e17a9981-266b-4724-a8f0-a35737c90b55	MOTHERBOARD	ASRock X870E Nova WiFi 대원씨티에스	70769987	https://prod.danawa.com/info/?pcode=70769987	[다나와] ASRock X870E Nova WiFi 대원씨티에스	manual-title-check-20260701-round2	7
VERIFIED_KEEP	ea573d60-1029-49cb-a563-b13e9e40bcaa	MOTHERBOARD	ASRock X870E Nova WiFi 디앤디컴	70769987	https://prod.danawa.com/info/?pcode=70769987	[다나와] ASRock X870E Nova WiFi 대원씨티에스	manual-title-check-20260701-round2	7
VERIFIED_KEEP	938f0d25-4a6d-4edb-8a13-0d36d46263d0	MOTHERBOARD	ASRock X870E Nova WiFi 디앤디컴 (AMD 소켓AM5 DDR5 메인보드)	72757274	https://prod.danawa.com/info/?pcode=72757274	[다나와] ASRock X870E Nova WiFi 디앤디컴	manual-title-check-20260701-round2	7
VERIFIED_KEEP	29a8e397-3fa6-4f41-b7b0-3b01435c6ba5	MOTHERBOARD	ASUS B850M MAX GAMING WIFI 라이젠 AM5 게이밍 메인보드	93071258	https://prod.danawa.com/info/?pcode=93071258	[다나와] ASUS B850M MAX GAMING WIFI 대원씨티에스	manual-title-check-20260701-round2	7
VERIFIED_KEEP	3627eaa2-9c8c-4d86-9960-9b0070493740	MOTHERBOARD	ASUS PRIME B860M-A-CSM  코잇	74337680	https://prod.danawa.com/info/?pcode=74337680	[다나와] ASUS PRIME B860M-A-CSM 코잇	manual-title-check-20260701-round2	7
VERIFIED_KEEP	69defd78-382d-486d-a708-4b37e6890753	MOTHERBOARD	ASUS PRIME X870-P-CSM 대원씨티에스 (AMD 소켓AM5 DDR5 메인보드)	67851971	https://prod.danawa.com/info/?pcode=67851971	[다나와] ASUS PRIME X870-P-CSM 대원씨티에스	manual-title-check-20260701-round2	7
VERIFIED_KEEP	00000000-0000-4000-8000-000000013001	MOTHERBOARD	ASUS ROG STRIX X870-I GAMING WIFI	67976948	https://prod.danawa.com/info/?pcode=67976948	[다나와] ASUS ROG STRIX X870-I GAMING WIFI STCOM	manual-title-check-20260701-round2	7
VERIFIED_KEEP	f0fba553-26d1-473f-8162-69c5d295d3f7	MOTHERBOARD	ASUS ROG STRIX X870-I GAMING WIFI STCOM (AMD 소켓AM5 DDR5 메인보드)	67976948	https://prod.danawa.com/info/?pcode=67976948	[다나와] ASUS ROG STRIX X870-I GAMING WIFI STCOM	manual-title-check-20260701-round2	7
VERIFIED_KEEP	1691009e-d2aa-4d57-9e8f-219c24ad5544	MOTHERBOARD	ASUS ROG STRIX X870E-A GAMING WIFI7 NEO 대원씨티에스	122676913	https://prod.danawa.com/info/?pcode=122676913	[다나와] ASUS ROG STRIX X870E-A GAMING WIFI7 NEO STCOM	manual-title-check-20260701-round2	2
VERIFIED_KEEP	00000000-0000-4000-8000-000000013005	MOTHERBOARD	ASUS ROG STRIX Z890-I GAMING WIFI	74808266	https://prod.danawa.com/info/?pcode=74808266	[다나와] ASUS ROG STRIX Z890-I GAMING WIFI 인텍앤컴퍼니	manual-title-check-20260701-round2	7
VERIFIED_KEEP	a8b6b23a-6a22-4f62-a20c-2e38f66955fd	MOTHERBOARD	ASUS TUF Gaming B850-PLUS WIFI 인텍앤컴퍼니	73884083	https://prod.danawa.com/info/?pcode=73884083	[다나와] ASUS TUF Gaming B850-PLUS WIFI STCOM	manual-title-check-20260701-round2	7
VERIFIED_KEEP	9e13a684-f0e0-47f4-95ce-8ae0980c2f20	MOTHERBOARD	GIGABYTE B860 AORUS ELITE WIFI7 ICE 제이씨현	74250827	https://prod.danawa.com/info/?pcode=74250827	[다나와] GIGABYTE B860 AORUS ELITE WIFI7 ICE 제이씨현	manual-title-check-20260701-round2	7
VERIFIED_KEEP	98e18b13-e9aa-4108-ad6c-800bbf9791ab	MOTHERBOARD	GIGABYTE B860M AORUS ELITE WIFI6E ICE 제이씨현	74255387	https://prod.danawa.com/info/?pcode=74255387	[다나와] GIGABYTE B860M AORUS ELITE WIFI6E ICE 피씨디렉트	manual-title-check-20260701-round2	7
VERIFIED_KEEP	e9255609-8300-4eb3-a5c4-7b331b6de3c1	MOTHERBOARD	GIGABYTE B860M AORUS ELITE WIFI6E ICE 피씨디렉트	74255387	https://prod.danawa.com/info/?pcode=74255387	[다나와] GIGABYTE B860M AORUS ELITE WIFI6E ICE 피씨디렉트	manual-title-check-20260701-round2	7
VERIFIED_KEEP	4369d913-82e8-4bd8-a9c9-6a4584400ced	MOTHERBOARD	GIGABYTE X870E AORUS PRO X3D ICE 제이씨현	98543660	https://prod.danawa.com/info/?pcode=98543660	[다나와] GIGABYTE X870E AORUS PRO X3D ICE 피씨디렉트	manual-title-check-20260701-round2	7
VERIFIED_KEEP	2725bd70-b100-4d79-bbfc-8f4065426710	MOTHERBOARD	MSI MAG B850M 박격포 WIFI MSI코리아	79397648	https://prod.danawa.com/info/?pcode=79397648	[다나와] MSI MAG B850M 박격포 WIFI	manual-title-check-20260701-round2	7
VERIFIED_KEEP	a80adb79-a43e-45c7-86ed-6833d7df225a	MOTHERBOARD	MSI MAG B860 토마호크 WIFI (인텔 소켓1851 DDR5 메인보드)	74340455	https://prod.danawa.com/info/?pcode=74340455	[다나와] MSI MAG B860 토마호크 WIFI	manual-title-check-20260701-round2	7
VERIFIED_KEEP	ae5da261-b781-4368-b475-41ec0721f241	MOTHERBOARD	MSI MAG B860M 박격포 WIFI	74340266	https://prod.danawa.com/info/?pcode=74340266	[다나와] MSI MAG B860M 박격포 WIFI	manual-title-check-20260701-round2	7
VERIFIED_KEEP	fc9206d5-fa86-4b00-9946-dedf08e70405	MOTHERBOARD	MSI MAG X870 토마호크 WIFI (AMD 소켓AM5 DDR5 메인보드)	67852370	https://prod.danawa.com/info/?pcode=67852370	[다나와] MSI MAG X870 토마호크 WIFI	manual-title-check-20260701-round2	7
VERIFIED_KEEP	54f80c83-1f99-42e8-bcd8-59b9fb797879	MOTHERBOARD	MSI MAG X870E 토마호크 WIFI	75857021	https://prod.danawa.com/info/?pcode=75857021	[다나와] MSI MAG X870E 토마호크 WIFI	manual-title-check-20260701-round2	7
VERIFIED_KEEP	e2725e81-ca25-4a96-a2cc-0a4adf05a210	MOTHERBOARD	MSI MAG X870E 토마호크 WIFI (AMD 소켓AM5 DDR5 메인보드)	75857021	https://prod.danawa.com/info/?pcode=75857021	[다나와] MSI MAG X870E 토마호크 WIFI	manual-title-check-20260701-round2	7
VERIFIED_KEEP	00000000-0000-4000-8000-000000013002	MOTHERBOARD	MSI MPG B850I EDGE TI WIFI	97121510	https://prod.danawa.com/info/?pcode=97121510	[다나와] MSI MPG B850I 엣지 TI WIFI	manual-title-check-20260701-round2	7
VERIFIED_KEEP	70a19510-7f21-4ad3-b070-09ab35bb3c52	MOTHERBOARD	MSI MPG X870E 카본 WIFI (AMD 소켓AM5 DDR5 메인보드)	67852652	https://prod.danawa.com/info/?pcode=67852652	[다나와] MSI MPG X870E 카본 WIFI	manual-title-check-20260701-round2	7
VERIFIED_KEEP	13f1c2a4-097c-41c0-b9ae-c5ff80d59c01	MOTHERBOARD	MSI MPG Z890 카본 WIFI (인텔 소켓1851 DDR5 메인보드)	69698066	https://prod.danawa.com/info/?pcode=69698066	[다나와] MSI MPG Z890 카본 WIFI	manual-title-check-20260701-round2	7
VERIFIED_KEEP	b031abc3-d33b-4893-9c47-93c25aa65538	MOTHERBOARD	MSI Z890 유니파이-X 게임PC 조립용 메인보드 ATX	69698594	https://prod.danawa.com/info/?pcode=69698594	[다나와] MSI MEG Z890 유니파이-X	manual-title-check-20260701-round2	7
VERIFIED_KEEP	3820f1e8-e190-4086-b545-9dc38c75e22f	MOTHERBOARD	기가바이트 B850M AORUS ELITE WIFI6E ICE 제이씨현	73892423	https://prod.danawa.com/info/?pcode=73892423	[다나와] GIGABYTE B850M AORUS ELITE WIFI6E ICE 제이씨현	manual-title-check-20260701-round2	7
VERIFIED_KEEP	cdf69044-f406-4649-b036-2d9bce66fbec	MOTHERBOARD	기가바이트 X870 AORUS ELITE WIFI7 ICE  피씨디렉트	67845863	https://prod.danawa.com/info/?pcode=67845863	[다나와] GIGABYTE X870 AORUS ELITE WIFI7 ICE 제이씨현	manual-title-check-20260701-round2	7
VERIFIED_KEEP	90f17bb2-ed9d-43f6-95b0-01811fc978fc	MOTHERBOARD	기가바이트 Z890 AORUS ELITE WIFI7  제이씨현	69699182	https://prod.danawa.com/info/?pcode=69699182	[다나와] GIGABYTE Z890 AORUS ELITE WIFI7 제이씨현	manual-title-check-20260701-round2	7
VERIFIED_KEEP	32d4c63f-1e22-4aa7-8b1b-6aade10968fd	MOTHERBOARD	기가바이트 Z890I AORUS ULTRA  제이씨현	69699695	https://prod.danawa.com/info/?pcode=69699695	[다나와] GIGABYTE Z890I AORUS ULTRA 피씨디렉트	manual-title-check-20260701-round2	7
VERIFIED_KEEP	00000000-0000-4000-8000-000000013030	PSU	Cooler Master MWE Gold 650 V3 ATX 3.1	77318144	https://prod.danawa.com/info/?pcode=77318144	[다나와] 쿨러마스터 MWE GOLD 650 V3 ATX3.1 블랙	manual-title-check-20260701-round2	7
VERIFIED_KEEP	00000000-0000-4000-8000-000000013026	PSU	Cooler Master V SFX Gold 850 ATX 3.1	68578502	https://prod.danawa.com/info/?pcode=68578502	[다나와] 쿨러마스터 V SFX Gold 850 ATX3.1	manual-title-check-20260701-round2	7
VERIFIED_KEEP	00000000-0000-4000-8000-000000013032	PSU	Corsair HX1500i ATX 3.1 Platinum	86092226	https://prod.danawa.com/info/?pcode=86092226	[다나와] CORSAIR HX1500i 80PLUS플래티넘 ATX3.1	manual-title-check-20260701-round2	7
VERIFIED_KEEP	99b8d253-93d3-4101-b106-e5bbc621e89b	PSU	FSP HYDRO G PRO 1000W 80PLUS Gold Full Modular ATX3.1, 블랙	98410109	https://prod.danawa.com/info/?pcode=98410109	[다나와] FSP HYDRO G PRO 1000W 80PLUS골드 풀모듈러 ATX3.1	manual-title-check-20260701-round2	7
VERIFIED_KEEP	8ba744fc-901c-4459-87b3-1ac8a9fb1167	PSU	FSP HYDRO G PRO 80PLUS GOLD ATX3.1 1000W 블랙	98410109	https://prod.danawa.com/info/?pcode=98410109	[다나와] FSP HYDRO G PRO 1000W 80PLUS골드 풀모듈러 ATX3.1	manual-title-check-20260701-round2	7
VERIFIED_KEEP	0d0b2686-d9c7-4132-824e-54fd89960366	PSU	FSP HYDRO G PRO 850W 80PLUS Gold Full Modular ATX3.1, 블랙	98410055	https://prod.danawa.com/info/?pcode=98410055	[다나와] FSP HYDRO G PRO 850W 80PLUS골드 풀모듈러 ATX3.1	manual-title-check-20260701-round2	7
VERIFIED_KEEP	00000000-0000-4000-8000-000000013031	PSU	FSP HYPER K PRO 700W Bronze ATX 3.1	98229821	https://prod.danawa.com/info/?pcode=98229821	[다나와] FSP HYPER K PRO 700W 브론즈 ATX3.1	manual-title-check-20260701-round2	7
VERIFIED_KEEP	f32de88b-75ae-4bd4-a81a-1fac63bc01af	PSU	FSP MEGA GM 1200W 80PLUS골드 풀모듈러 ATX 3.1	102357713	https://prod.danawa.com/info/?pcode=102357713	[다나와] FSP MEGA GM 1200W 80PLUS골드 풀모듈러 ATX 3.1	manual-title-check-20260701-round2	7
VERIFIED_KEEP	62fc912f-55db-4ec1-bd87-ab7072636598	PSU	FSP MEGA GM 1200W 80PLUS골드 풀모듈러 ATX 3.1, 블랙	102357713	https://prod.danawa.com/info/?pcode=102357713	[다나와] FSP MEGA GM 1200W 80PLUS골드 풀모듈러 ATX 3.1	manual-title-check-20260701-round2	7
VERIFIED_KEEP	00000000-0000-4000-8000-000000012011	PSU	FSP VITA GD 750W 80PLUS GOLD ATX3.1 (PCIe5.1) 파워서플라이	98244365	https://prod.danawa.com/info/?pcode=98244365	[다나와] FSP VITA GD 750W 80PLUS골드 ATX3.1	manual-title-check-20260701-round2	7
VERIFIED_KEEP	d80c6042-0377-4ed2-abf8-73773df3ae16	PSU	MSI A850GS 80PLUS골드 풀모듈러 ATX 3.1, 블랙	92041931	https://prod.danawa.com/info/?pcode=92041931	[다나와] MSI MPG A850GS 80PLUS골드 풀모듈러 ATX3.1	manual-title-check-20260701-round2	7
VERIFIED_KEEP	00000000-0000-4000-8000-000000012012	PSU	MSI MAG A750GLS PCIE5.1 80PLUS골드 풀모듈러 ATX3.1 750W, 블랙	96059435	https://prod.danawa.com/info/?pcode=96059435	[다나와] MSI MAG A750GLS 80PLUS골드 풀모듈러 ATX3.1	manual-title-check-20260701-round2	7
VERIFIED_KEEP	128db81a-c397-45d9-bfcc-026cb4cf86c4	PSU	MSI MAG A850GN 80PLUS골드 ATX3.1	93913679	https://prod.danawa.com/info/?pcode=93913679	[다나와] MSI MAG A850GN 80PLUS골드 ATX3.1	manual-title-check-20260701-round2	7
VERIFIED_KEEP	ef0d183c-7640-445f-9f0f-adf97bf9dcad	PSU	MSI MPG A1000GS II 80PLUS골드 풀모듈러 ATX3.1	96059045	https://prod.danawa.com/info/?pcode=96059045	[다나와] MSI MPG A1000GS II 80PLUS골드 풀모듈러 ATX3.1	manual-title-check-20260701-round2	7
VERIFIED_KEEP	00000000-0000-4000-8000-000000013028	PSU	Zalman MegaMax 600W 80PLUS Standard	17122130	https://prod.danawa.com/info/?pcode=17122130	[다나와] 잘만 MegaMax ET 600W 80PLUS스탠다드	manual-title-check-20260701-round2	7
VERIFIED_KEEP	7abd1572-da13-4198-8440-b60bee4ea923	PSU	[SuperFlower] SF-850Z12DB Zillion DB ETA Sliver ATX3.1 850W [블랙]	90156149	https://prod.danawa.com/info/?pcode=90156149	[다나와] SuperFlower SF-850Z12DB Zillion DB ETA실버 ATX3.1	manual-title-check-20260701-round2	7
VERIFIED_KEEP	00000000-0000-4000-8000-000000012010	PSU	마이크로닉스 Classic II 750W 80PLUS골드 풀모듈러 ATX3.1, 블랙	58913891	https://prod.danawa.com/info/?pcode=58913891	[다나와] 마이크로닉스 Classic II 750W 80PLUS골드 풀모듈러 ATX3.1	manual-title-check-20260701-round2	7
VERIFIED_KEEP	00000000-0000-4000-8000-000000012016	PSU	마이크로닉스 Classic II 850W 80PLUS골드 풀모듈러 ATX3.1, 블랙	51815078	https://prod.danawa.com/info/?pcode=51815078	[다나와] 마이크로닉스 Classic II 850W 80PLUS골드 풀모듈러 ATX3.1	manual-title-check-20260701-round2	7
VERIFIED_KEEP	00000000-0000-4000-8000-000000012003	PSU	마이크로닉스 Classic II 풀체인지 500W 80PLUS BRONZE ATX3.1, 블랙	49642352	https://prod.danawa.com/info/?pcode=49642352	[다나와] 마이크로닉스 Classic II 풀체인지 500W 80PLUS브론즈 ATX3.1	manual-title-check-20260701-round2	7
VERIFIED_KEEP	89158fd4-27c2-4b00-8506-108eeb93cf60	PSU	슈퍼플라워 SF-1000C12DG COMBAT DG ETA골드 ATX3.1 1000W, 블랙	122617074	https://prod.danawa.com/info/?pcode=122617074	[다나와] SuperFlower SF-1000C12DG COMBAT DG ETA골드 ATX3.1	manual-title-check-20260701-round2	4
VERIFIED_KEEP	fc7af9cd-3f6d-4b79-be07-eb0591dbf76f	PSU	슈퍼플라워 SF-1000F14GE LEADEX III GOLD UP ATX3.1 1000W, 블랙	69468725	https://prod.danawa.com/info/?pcode=69468725	[다나와] SuperFlower SF-1000F14GE LEADEX III GOLD UP ATX3.1	manual-title-check-20260701-round2	7
VERIFIED_KEEP	1c9f00d5-6b9c-4a34-a996-1820d8541798	PSU	슈퍼플라워 SF-1000F14XP LEADEX VII PRO PLATINUM ATX3.1 (PCIE5.1) 1000W, 블랙	32037950	https://prod.danawa.com/info/?pcode=32037950	[다나와] SuperFlower SF-1000F14XP LEADEX VII PRO PLATINUM 블랙 ATX3.1	manual-title-check-20260701-round2	7
VERIFIED_KEEP	4d4478ca-5616-4242-b2f5-f47f69397fc4	PSU	슈퍼플라워 SF-1200F14XP LEADEX VII PRO PLATINUM ATX3.1 (PCIE5.1) 1200W, 화이트	49091162	https://prod.danawa.com/info/?pcode=49091162	[다나와] SuperFlower SF-1200F14XP LEADEX VII PRO PLATINUM 화이트 ATX3.1	manual-title-check-20260701-round2	7
VERIFIED_KEEP	c5b66cfb-545e-4cce-8333-9253c194e370	PSU	슈퍼플라워 SF-850F14XP LEADEX VII PRO PLATINUM ATX3.1 (PCIE5.1) 850W, 블랙	32037836	https://prod.danawa.com/info/?pcode=32037836	[다나와] SuperFlower SF-850F14XP LEADEX VII PRO PLATINUM 블랙 ATX3.1	manual-title-check-20260701-round2	7
VERIFIED_KEEP	e86cac7f-6192-46b0-ba9a-67cd83d431ee	PSU	시소닉 CORE V2 GX-850 GOLD 풀모듈러 ATX3.1	78844112	https://prod.danawa.com/info/?pcode=78844112	[다나와] 시소닉 CORE V2 GX-850 GOLD 풀모듈러 ATX3.1	manual-title-check-20260701-round2	7
VERIFIED_KEEP	08349ffe-f8f3-4270-a1a6-f9a34be6a536	PSU	시소닉 NEW FOCUS V4 GX-1000 GOLD 풀모듈러 ATX3.1	67577099	https://prod.danawa.com/info/?pcode=67577099	[다나와] 시소닉 NEW FOCUS V4 GX-1000 GOLD 풀모듈러 ATX3.1	manual-title-check-20260701-round2	7
VERIFIED_KEEP	9328d857-6ea3-45fa-8a7e-3ad1b75a40ab	PSU	시소닉 NEW FOCUS V4 GX-1000 GOLD 풀모듈러 ATX3.1, 블랙	67577099	https://prod.danawa.com/info/?pcode=67577099	[다나와] 시소닉 NEW FOCUS V4 GX-1000 GOLD 풀모듈러 ATX3.1	manual-title-check-20260701-round2	7
VERIFIED_KEEP	00000000-0000-4000-8000-000000012002	PSU	잘만테크 잘만 Wattbit II 400W 83+, 블랙	12023885	https://prod.danawa.com/info/?pcode=12023885	[다나와] 잘만 Wattbit II 400W	manual-title-check-20260701-round2	7
VERIFIED_KEEP	84889c17-053b-4016-9a75-8248c7b0497d	PSU	커세어 CORSAIR HX1200i 80PLUS플래티넘 ATX3.1	86079881	https://prod.danawa.com/info/?pcode=86079881	[다나와] CORSAIR HX1200i 80PLUS플래티넘 ATX3.1	manual-title-check-20260701-round2	7
VERIFIED_KEEP	71041269-2a18-484e-9dc0-07bc3ae48d96	PSU	커세어 RM1000e ETA 플래티넘 ATX 3.1 화이트	90576938	https://prod.danawa.com/info/?pcode=90576938	[다나와] CORSAIR RM1000e ETA플래티넘 ATX3.1 화이트	manual-title-check-20260701-round2	7
VERIFIED_KEEP	edb0d38d-0e9d-4047-8838-7b59420a9d5a	PSU	커세어 RMx Series RM1000x ATX 3.1	62649707	https://prod.danawa.com/info/?pcode=62649707	[다나와] CORSAIR RMx Series RM1000x ATX3.1	manual-title-check-20260701-round2	7
VERIFIED_KEEP	de631e86-3f47-49e0-a851-cec6eaa0197f	PSU	커세어 RMx Series RM1000x ATX3.1, 블랙	62649707	https://prod.danawa.com/info/?pcode=62649707	[다나와] CORSAIR RMx Series RM1000x ATX3.1	manual-title-check-20260701-round2	7
VERIFIED_KEEP	47c8753d-4544-4322-9aab-c175531eceeb	PSU	커세어 RMx Series RM850x ATX3.1, 블랙	62649599	https://prod.danawa.com/info/?pcode=62649599	[다나와] CORSAIR RMx Series RM850x ATX3.1	manual-title-check-20260701-round2	7
VERIFIED_KEEP	eef983c2-20e1-41d7-95ba-9e497018751d	PSU	쿨러마스터 ELITE GOLD 1000 ATX 3.1 풀모듈러	122618019	https://prod.danawa.com/info/?pcode=122618019	[다나와] 쿨러마스터 ELITE GOLD 1000 ATX 3.1 풀모듈러	manual-title-check-20260701-round2	4
VERIFIED_KEEP	33310ce7-48cd-4d5e-865a-a6a869d1985c	PSU	쿨러마스터 ELITE GOLD 1000 ATX 3.1 풀모듈러 1000W, 블랙	122618019	https://prod.danawa.com/info/?pcode=122618019	[다나와] 쿨러마스터 ELITE GOLD 1000 ATX 3.1 풀모듈러	manual-title-check-20260701-round2	4
VERIFIED_KEEP	638d308d-7180-4fb8-bb0f-0856c36eb9f5	PSU	쿨러마스터 Elite Platinum ATX 3.1 풀모듈러 1000W, 블랙	122693539	https://prod.danawa.com/info/?pcode=122693539	[다나와] 쿨러마스터 Elite Platinum 1000W ATX 3.1 풀모듈러 블랙	manual-title-check-20260701-round2	2
VERIFIED_KEEP	9ee21217-374b-4ac3-8b56-21748b99d8f5	PSU	쿨러마스터 MWE GOLD 850 V3 ATX3.1 850W, 블랙	75719750	https://prod.danawa.com/info/?pcode=75719750	[다나와] 쿨러마스터 MWE GOLD 850 V3 ATX3.1 블랙	manual-title-check-20260701-round2	7
VERIFIED_KEEP	00000000-0000-4000-8000-000000013013	RAM	G.SKILL Trident Z5 Neo RGB DDR5-6000 CL30 32GB Kit	17931836	https://prod.danawa.com/info/?pcode=17931836	[다나와] G.SKILL DDR5-6000 CL30 TRIDENT Z5 NEO RGB J 패키지 (32GB(16Gx2))	manual-title-check-20260701-round2	7
VERIFIED_KEEP	00000000-0000-4000-8000-000000013015	RAM	Kingston FURY Beast RGB DDR5-6000 64GB Kit	96773297	https://prod.danawa.com/info/?pcode=96773297	[다나와] 킹스톤 FURY DDR5-6000 CL30 Beast RGB 블랙 패키지 코잇 (64GB(32Gx2))	manual-title-check-20260701-round2	7
VERIFIED_KEEP	00000000-0000-4000-8000-000000013009	RAM	Samsung DDR5-5600 16GB UDIMM	18911780	https://prod.danawa.com/info/?pcode=18911780	[다나와] 삼성전자 DDR5-5600 (16GB)	manual-title-check-20260701-round2	7
VERIFIED_KEEP	00000000-0000-4000-8000-000000013010	RAM	Samsung DDR5-5600 32GB UDIMM	20644043	https://prod.danawa.com/info/?pcode=20644043	[다나와] 삼성전자 DDR5-5600 (32GB)	manual-title-check-20260701-round2	7
VERIFIED_KEEP	00000000-0000-4000-8000-000000013016	RAM	TeamGroup T-CREATE EXPERT DDR5-6400 128GB Kit	96773624	https://prod.danawa.com/info/?pcode=96773624	[다나와] TeamGroup T-CREATE DDR5-6400 CL42 EXPERT 패키지 서린 (128GB(64Gx2))	manual-title-check-20260701-round2	7
VERIFIED_KEEP	f4a8f3f0-f587-477d-9d27-81cf7038ff61	RAM	지스킬 DDR5-6000 CL28 FLARE X5 J 화이트 패키지 32GB, 2개	72913478	https://prod.danawa.com/info/?pcode=72913478	[다나와] G.SKILL DDR5-6000 CL28 FLARE X5 J 화이트 패키지 (32GB(16Gx2))	manual-title-check-20260701-round2	7
VERIFIED_KEEP	291e6d87-5585-4911-ba3d-5df89afbbf68	RAM	크루셜 프로 DDR5 6000MHZ 메모리 2X16GB 32GB 키트 데스크탑 오버클로킹	104608466	https://prod.danawa.com/info/?pcode=104608466	[다나와] 크루셜 프로 램 32GB 키트 2x16GB 6000MHz, DDR5 오버클로킹 데스크탑 메모리 CP2K16G60C36U5B 787..	manual-title-check-20260701-round2	7
VERIFIED_KEEP	f7681609-56ed-4ae8-ae0e-d3aa2a9661aa	RAM	킹스톤 FURY DDR5 6000 CL30 Beast RGB 32GB(16GBx2) 블랙	96773279	https://prod.danawa.com/info/?pcode=96773279	[다나와] 킹스톤 FURY DDR5-6000 CL30 Beast RGB 블랙 패키지 코잇 (32GB(16Gx2))	manual-title-check-20260701-round2	7
VERIFIED_KEEP	1a4b8955-d161-4674-896a-eddf6b9a908d	RAM	킹스톤 FURY DDR5 6000 CL30 Beast RGB 32GB(16GBx2) 화이트	96773315	https://prod.danawa.com/info/?pcode=96773315	[다나와] 킹스톤 FURY DDR5-6000 CL30 Beast RGB 화이트 패키지 코잇 (32GB(16Gx2))	manual-title-check-20260701-round2	7
VERIFIED_KEEP	73f1ea68-a185-4ddd-b8fc-12e9e9783789	RAM	팀그룹 T-CREATE DDR5-6400 CL34 EXPERT 블랙 패키지 64GB(32Gx2) TeamGroup램 데스크탑 메모리	19567934	https://prod.danawa.com/info/?pcode=19567934	[다나와] TeamGroup T-CREATE DDR5-6400 CL34 EXPERT 패키지 서린 (64GB(32Gx2))	manual-title-check-20260701-round2	7
VERIFIED_KEEP	00000000-0000-4000-8000-000000013021	STORAGE	Crucial T500 2TB M.2 NVMe	29655617	https://prod.danawa.com/info/?pcode=29655617	[다나와] 마이크론 Crucial T500 M.2 NVMe 아스크텍 (2TB)	manual-title-check-20260701-round2	7
VERIFIED_KEEP	00000000-0000-4000-8000-000000013024	STORAGE	Kingston FURY Renegade G5 4TB M.2 NVMe	96772838	https://prod.danawa.com/info/?pcode=96772838	[다나와] 킹스톤 FURY Renegade G5 M.2 NVMe (4TB)	manual-title-check-20260701-round2	7
VERIFIED_KEEP	00000000-0000-4000-8000-000000013022	STORAGE	SK hynix Platinum P41 2TB M.2 NVMe	17000984	https://prod.danawa.com/info/?pcode=17000984	[다나와] SK하이닉스 Platinum P41 M.2 NVMe (2TB)	manual-title-check-20260701-round2	7
VERIFIED_KEEP	00000000-0000-4000-8000-000000013017	STORAGE	Samsung 990 PRO 1TB M.2 NVMe	18297002	https://prod.danawa.com/info/?pcode=18297002	[다나와] 삼성전자 990 PRO M.2 NVMe (1TB)	manual-title-check-20260701-round2	7
VERIFIED_KEEP	00000000-0000-4000-8000-000000013018	STORAGE	Samsung 990 PRO 4TB M.2 NVMe	28131875	https://prod.danawa.com/info/?pcode=28131875	[다나와] 삼성전자 990 PRO M.2 NVMe (4TB)	manual-title-check-20260701-round2	7
VERIFIED_KEEP	00000000-0000-4000-8000-000000013020	STORAGE	WD_BLACK SN8100 4TB M.2 NVMe	92184953	https://prod.danawa.com/info/?pcode=92184953	[다나와] Western Digital WD BLACK SN8100 M.2 NVMe (4TB)	manual-title-check-20260701-round2	7
VERIFIED_KEEP	00000000-0000-4000-8000-000000013019	STORAGE	WD_BLACK SN850X 2TB M.2 NVMe	17788451	https://prod.danawa.com/info/?pcode=17788451	[다나와] Western Digital WD BLACK SN850X M.2 NVMe (2TB)	manual-title-check-20260701-round2	7
VERIFIED_KEEP	4b858f50-cf3e-429b-b9b9-4c66c71f940a	STORAGE	Western Digital WD BLACK SN8100 M.2 NVMe (2TB)	92186342	https://prod.danawa.com/info/?pcode=92186342	[다나와] Western Digital WD BLACK SN8100 M.2 NVMe (2TB)	manual-title-check-20260701-round2	7
VERIFIED_KEEP	0a1f2cad-9b86-4e22-82f8-26ff938002d1	STORAGE	씨게이트 NVMe Gen5.0 M.2 SSD 파이어쿠다 540 2TB	20687681	https://prod.danawa.com/info/?pcode=20687681	[다나와] Seagate 파이어쿠다 540 M.2 NVMe (2TB)	manual-title-check-20260701-round2	7
VERIFIED_KEEP	99767805-d29f-4971-a732-6598b6de11f8	STORAGE	씨게이트 파이어쿠다 540 M.2 NVMe 2TB	20687681	https://prod.danawa.com/info/?pcode=20687681	[다나와] Seagate 파이어쿠다 540 M.2 NVMe (2TB)	manual-title-check-20260701-round2	7
VERIFIED_KEEP	7beea9d9-9683-4c90-af87-d8e095993555	STORAGE	킹스톤 FURY Renegade G5 M.2 NVMe (2TB)	96773120	https://prod.danawa.com/info/?pcode=96773120	[다나와] 킹스톤 FURY Renegade G5 M.2 NVMe (2TB)	manual-title-check-20260701-round2	7
